ts,power,current,voltage,kwh
2025-11-07T10:27:30+00:00,400.3,1.875,211.9,0.006671666666666667
2025-11-07T10:28:33+00:00,400.3,1.875,211.9,0.006671666666666667
2025-11-07T10:28:36+00:00,400.3,1.875,211.9,0.006671666666666667
2025-11-07T10:29:33+00:00,400.3,1.875,211.9,0.006671666666666667
2025-11-07T10:29:36+00:00,400.3,1.875,211.9,0.006671666666666667
2025-11-07T10:30:34+00:00,400.3,1.875,211.9,0.006671666666666667
2025-11-07T10:30:36+00:00,400.3,1.875,211.9,0.006671666666666667
2025-11-07T10:31:33+00:00,400.3,1.875,211.9,0.006671666666666667
2025-11-07T10:31:36+00:00,400.3,1.875,211.9,0.006671666666666667
2025-11-07T10:32:35+00:00,400.3,1.875,211.9,0.006671666666666667
2025-11-07T10:32:36+00:00,400.3,1.875,211.9,0.006671666666666667
2025-11-07T10:33:33+00:00,400.3,1.875,211.9,0.006671666666666667
2025-11-07T10:33:37+00:00,400.3,1.875,211.9,0.006671666666666667
2025-11-07T10:34:33+00:00,400.3,1.875,211.9,0.006671666666666667
2025-11-07T10:34:36+00:00,400.3,1.875,211.9,0.006671666666666667
2025-11-07T10:35:33+00:00,400.3,1.875,211.9,0.006671666666666667
2025-11-07T10:35:36+00:00,400.3,1.875,211.9,0.006671666666666667
2025-11-07T10:36:33+00:00,400.3,1.875,211.9,0.006671666666666667
2025-11-07T10:36:36+00:00,400.3,1.875,211.9,0.006671666666666667
2025-11-07T10:37:33+00:00,400.3,1.875,211.9,0.006671666666666667
2025-11-07T10:37:36+00:00,400.3,1.875,211.9,0.006671666666666667
2025-11-07T10:38:33+00:00,87.5,0.409,211.1,0.0014583333333333332
2025-11-07T10:38:36+00:00,87.5,0.409,211.1,0.0014583333333333332
2025-11-07T10:39:33+00:00,87.5,0.409,211.1,0.0014583333333333332
2025-11-07T10:39:37+00:00,87.5,0.409,211.1,0.0014583333333333332
2025-11-07T10:40:33+00:00,87.5,0.409,211.1,0.0014583333333333332
2025-11-07T10:40:36+00:00,87.5,0.409,211.1,0.0014583333333333332
2025-11-07T10:41:33+00:00,87.5,0.409,211.1,0.0014583333333333332
2025-11-07T10:41:36+00:00,87.5,0.409,211.1,0.0014583333333333332
2025-11-07T10:42:33+00:00,87.5,0.409,211.1,0.0014583333333333332
2025-11-07T10:42:36+00:00,87.5,0.409,211.1,0.0014583333333333332
2025-11-07T10:43:33+00:00,87.5,0.409,211.1,0.0014583333333333332
2025-11-07T10:43:36+00:00,87.5,0.409,211.1,0.0014583333333333332
2025-11-07T10:44:36+00:00,87.5,0.409,211.1,0.0014583333333333332
2025-11-07T10:44:37+00:00,87.5,0.409,211.1,0.0014583333333333332
2025-11-07T10:45:34+00:00,87.5,0.409,211.1,0.0014583333333333332
2025-11-07T10:45:38+00:00,87.5,0.409,211.1,0.0014583333333333332
2025-11-07T10:46:34+00:00,87.5,0.409,211.1,0.0014583333333333332
2025-11-07T10:46:36+00:00,87.5,0.409,211.1,0.0014583333333333332
2025-11-07T10:47:35+00:00,87.5,0.409,211.1,0.0014583333333333332
2025-11-07T10:47:45+00:00,87.5,0.409,211.1,0.0014583333333333332
2025-11-07T10:48:34+00:00,87.5,0.409,211.1,0.0014583333333333332
2025-11-07T10:48:36+00:00,87.5,0.409,211.1,0.0014583333333333332
2025-11-07T10:49:33+00:00,87.5,0.409,211.1,0.0014583333333333332
2025-11-07T10:49:36+00:00,87.5,0.409,211.1,0.0014583333333333332
2025-11-07T10:50:34+00:00,87.5,0.409,211.1,0.0014583333333333332
2025-11-07T10:50:36+00:00,87.5,0.409,211.1,0.0014583333333333332
2025-11-07T10:51:34+00:00,87.5,0.409,211.1,0.0014583333333333332
2025-11-07T10:51:37+00:00,87.5,0.409,211.1,0.0014583333333333332
2025-11-07T10:52:35+00:00,87.5,0.409,211.1,0.0014583333333333332
2025-11-07T10:52:36+00:00,87.5,0.409,211.1,0.0014583333333333332
2025-11-07T10:53:33+00:00,87.5,0.409,211.1,0.0014583333333333332
2025-11-07T10:53:36+00:00,87.5,0.409,211.1,0.0014583333333333332
2025-11-07T10:54:34+00:00,87.5,0.409,211.1,0.0014583333333333332
2025-11-07T10:54:36+00:00,87.5,0.409,211.1,0.0014583333333333332
2025-11-07T10:55:35+00:00,87.5,0.409,211.1,0.0014583333333333332
2025-11-07T10:55:38+00:00,87.5,0.409,211.1,0.0014583333333333332
2025-11-07T10:56:33+00:00,87.5,0.409,211.1,0.0014583333333333332
2025-11-07T10:56:36+00:00,87.5,0.409,211.1,0.0014583333333333332
2025-11-07T10:57:33+00:00,89.0,0.438,211.5,0.0014833333333333335
2025-11-07T10:57:36+00:00,89.0,0.438,211.5,0.0014833333333333335
2025-11-07T10:58:33+00:00,68.2,0.354,215.6,0.0011366666666666667
2025-11-07T10:58:36+00:00,68.2,0.354,215.6,0.0011366666666666667
2025-11-07T10:59:33+00:00,68.2,0.354,215.6,0.0011366666666666667
2025-11-07T10:59:36+00:00,68.2,0.354,215.6,0.0011366666666666667
2025-11-07T14:17:38+00:00,106.6,0.426,204.7,0.0017766666666666666
2025-11-07T14:17:41+00:00,106.6,0.426,204.7,0.0017766666666666666
2025-11-07T14:18:38+00:00,106.6,0.426,204.7,0.0017766666666666666
2025-11-07T14:18:41+00:00,106.6,0.426,204.7,0.0017766666666666666
2025-11-07T14:19:38+00:00,113.1,0.568,204.0,0.0018849999999999997
2025-11-07T14:19:41+00:00,72.8,0.374,204.0,0.0012133333333333334
2025-11-07T14:20:38+00:00,75.1,0.382,203.3,0.0012516666666666666
2025-11-07T14:20:41+00:00,75.1,0.382,203.3,0.0012516666666666666
2025-11-07T14:21:38+00:00,75.1,0.382,203.3,0.0012516666666666666
2025-11-07T14:21:41+00:00,75.1,0.382,203.3,0.0012516666666666666
2025-11-07T14:22:38+00:00,75.1,0.382,203.3,0.0012516666666666666
2025-11-07T14:22:41+00:00,75.1,0.382,203.3,0.0012516666666666666
2025-11-07T14:23:38+00:00,75.1,0.382,203.3,0.0012516666666666666
2025-11-07T14:23:41+00:00,75.1,0.382,203.3,0.0012516666666666666
2025-11-07T14:24:38+00:00,75.1,0.382,203.3,0.0012516666666666666
2025-11-07T14:24:41+00:00,75.1,0.382,203.3,0.0012516666666666666
2025-11-07T14:25:38+00:00,75.1,0.382,203.3,0.0012516666666666666
2025-11-07T14:25:41+00:00,75.1,0.382,203.3,0.0012516666666666666
2025-11-07T14:26:38+00:00,75.1,0.382,203.3,0.0012516666666666666
2025-11-07T14:26:41+00:00,75.1,0.382,203.3,0.0012516666666666666
2025-11-07T14:27:38+00:00,75.1,0.382,203.3,0.0012516666666666666
2025-11-07T14:27:41+00:00,75.1,0.382,203.3,0.0012516666666666666
2025-11-07T14:28:38+00:00,75.1,0.382,203.3,0.0012516666666666666
2025-11-07T14:28:41+00:00,75.1,0.382,203.3,0.0012516666666666666
2025-11-07T14:29:38+00:00,75.1,0.382,203.3,0.0012516666666666666
2025-11-07T14:29:41+00:00,75.1,0.382,203.3,0.0012516666666666666
2025-11-07T14:30:38+00:00,75.7,0.38,204.0,0.0012616666666666668
2025-11-07T14:30:41+00:00,75.7,0.38,204.0,0.0012616666666666668
2025-11-07T14:31:38+00:00,75.7,0.38,204.0,0.0012616666666666668
2025-11-07T14:31:41+00:00,75.7,0.38,204.0,0.0012616666666666668
2025-11-07T14:32:38+00:00,75.7,0.38,204.0,0.0012616666666666668
2025-11-07T14:32:41+00:00,75.7,0.38,204.0,0.0012616666666666668
2025-11-07T14:33:38+00:00,75.7,0.38,204.0,0.0012616666666666668
2025-11-07T14:33:41+00:00,75.7,0.38,204.0,0.0012616666666666668
2025-11-07T14:34:38+00:00,75.7,0.38,204.0,0.0012616666666666668
2025-11-07T14:34:41+00:00,75.7,0.38,204.0,0.0012616666666666668
2025-11-07T14:35:38+00:00,87.6,0.405,203.7,0.00146
2025-11-07T14:35:41+00:00,87.6,0.405,203.7,0.00146
2025-11-07T14:36:38+00:00,131.0,0.634,202.0,0.002183333333333333
2025-11-07T14:36:41+00:00,131.0,0.634,202.0,0.002183333333333333
2025-11-07T14:37:38+00:00,395.3,1.958,201.3,0.006588333333333334
2025-11-07T14:37:41+00:00,395.3,1.958,201.3,0.006588333333333334
2025-11-07T14:38:38+00:00,395.3,1.958,201.3,0.006588333333333334
2025-11-07T14:38:41+00:00,395.3,1.958,201.3,0.006588333333333334
2025-11-07T14:39:38+00:00,395.3,1.958,201.3,0.006588333333333334
2025-11-07T14:39:41+00:00,395.3,1.958,201.3,0.006588333333333334
2025-11-07T14:40:38+00:00,395.3,1.958,201.3,0.006588333333333334
2025-11-07T14:40:41+00:00,395.3,1.958,201.3,0.006588333333333334
2025-11-07T14:41:38+00:00,395.3,1.958,201.3,0.006588333333333334
2025-11-07T14:41:41+00:00,395.3,1.958,201.3,0.006588333333333334
2025-11-07T14:42:38+00:00,395.3,1.958,201.3,0.006588333333333334
2025-11-07T14:42:41+00:00,395.3,1.958,201.3,0.006588333333333334
2025-11-07T14:43:38+00:00,395.3,1.958,201.3,0.006588333333333334
2025-11-07T14:43:41+00:00,395.3,1.958,201.3,0.006588333333333334
2025-11-07T14:44:38+00:00,395.3,1.958,201.3,0.006588333333333334
2025-11-07T14:44:41+00:00,395.3,1.958,201.3,0.006588333333333334
2025-11-07T14:45:38+00:00,395.3,1.958,201.3,0.006588333333333334
2025-11-07T14:45:41+00:00,395.3,1.958,201.3,0.006588333333333334
2025-11-07T14:46:38+00:00,395.3,1.958,201.3,0.006588333333333334
2025-11-07T14:46:41+00:00,395.3,1.958,201.3,0.006588333333333334
2025-11-07T14:47:38+00:00,395.3,1.958,201.3,0.006588333333333334
2025-11-07T14:47:41+00:00,395.3,1.958,201.3,0.006588333333333334
2025-11-07T14:48:47+00:00,395.3,1.958,201.3,0.006588333333333334
2025-11-07T14:49:09+00:00,395.3,1.958,201.3,0.006588333333333334
2025-11-07T14:49:39+00:00,395.3,1.958,201.3,0.006588333333333334
2025-11-07T14:49:41+00:00,395.3,1.958,201.3,0.006588333333333334
2025-11-07T14:50:38+00:00,395.3,1.958,201.3,0.006588333333333334
2025-11-07T14:50:41+00:00,395.3,1.958,201.3,0.006588333333333334
2025-11-07T14:51:39+00:00,395.3,1.958,201.3,0.006588333333333334
2025-11-07T14:51:41+00:00,395.3,1.958,201.3,0.006588333333333334
2025-11-07T14:52:38+00:00,395.3,1.958,201.3,0.006588333333333334
2025-11-07T14:52:41+00:00,395.3,1.958,201.3,0.006588333333333334
2025-11-07T14:53:38+00:00,395.3,1.958,201.3,0.006588333333333334
2025-11-07T14:53:41+00:00,395.3,1.958,201.3,0.006588333333333334
2025-11-07T14:54:38+00:00,395.3,1.958,201.3,0.006588333333333334
2025-11-07T14:54:41+00:00,395.3,1.958,201.3,0.006588333333333334
2025-11-07T14:55:38+00:00,395.3,1.958,201.3,0.006588333333333334
2025-11-07T14:55:41+00:00,395.3,1.958,201.3,0.006588333333333334
2025-11-07T14:56:38+00:00,395.3,1.958,201.3,0.006588333333333334
2025-11-07T14:56:41+00:00,395.3,1.958,201.3,0.006588333333333334
2025-11-07T14:57:38+00:00,395.3,1.958,201.3,0.006588333333333334
2025-11-07T14:57:41+00:00,395.3,1.958,201.3,0.006588333333333334
2025-11-07T14:58:38+00:00,395.3,1.958,201.3,0.006588333333333334
2025-11-07T14:58:41+00:00,395.3,1.958,201.3,0.006588333333333334
2025-11-07T14:59:38+00:00,395.3,1.958,201.3,0.006588333333333334
2025-11-07T14:59:41+00:00,395.3,1.958,201.3,0.006588333333333334
2025-11-07T15:00:38+00:00,395.3,1.958,201.3,0.006588333333333334
2025-11-07T15:00:42+00:00,395.3,1.958,201.3,0.006588333333333334
2025-11-07T15:01:38+00:00,395.3,1.958,201.3,0.006588333333333334
2025-11-07T15:01:41+00:00,395.3,1.958,201.3,0.006588333333333334
2025-11-07T15:02:38+00:00,395.3,1.958,201.3,0.006588333333333334
2025-11-07T15:02:41+00:00,395.3,1.958,201.3,0.006588333333333334
2025-11-07T15:03:38+00:00,395.3,1.958,201.3,0.006588333333333334
2025-11-07T15:03:41+00:00,395.3,1.958,201.3,0.006588333333333334
2025-11-07T15:04:38+00:00,395.3,1.958,201.3,0.006588333333333334
2025-11-07T15:04:41+00:00,395.3,1.958,201.3,0.006588333333333334
2025-11-07T15:05:38+00:00,395.3,1.958,201.3,0.006588333333333334
2025-11-07T15:05:41+00:00,395.3,1.958,201.3,0.006588333333333334
2025-11-07T15:06:38+00:00,395.3,1.958,201.3,0.006588333333333334
2025-11-07T15:06:41+00:00,395.3,1.958,201.3,0.006588333333333334
2025-11-07T15:07:38+00:00,395.3,1.958,201.3,0.006588333333333334
2025-11-07T15:07:41+00:00,395.3,1.958,201.3,0.006588333333333334
2025-11-07T15:08:38+00:00,395.3,1.958,201.3,0.006588333333333334
2025-11-07T15:08:42+00:00,395.3,1.958,201.3,0.006588333333333334
2025-11-07T15:09:38+00:00,395.3,1.958,201.3,0.006588333333333334
2025-11-07T15:09:41+00:00,395.3,1.958,201.3,0.006588333333333334
2025-11-07T15:10:38+00:00,395.3,1.958,201.3,0.006588333333333334
2025-11-07T15:10:41+00:00,395.3,1.958,201.3,0.006588333333333334
2025-11-07T15:11:38+00:00,395.3,1.958,201.3,0.006588333333333334
2025-11-07T15:11:41+00:00,395.3,1.958,201.3,0.006588333333333334
2025-11-07T15:12:38+00:00,395.3,1.958,201.3,0.006588333333333334
2025-11-07T15:12:41+00:00,395.3,1.958,201.3,0.006588333333333334
2025-11-07T15:13:38+00:00,395.3,1.958,201.3,0.006588333333333334
2025-11-07T15:13:41+00:00,395.3,1.958,201.3,0.006588333333333334
2025-11-07T15:14:38+00:00,170.9,0.836,202.0,0.002848333333333334
2025-11-07T15:14:41+00:00,170.9,0.836,202.0,0.002848333333333334
2025-11-07T15:15:38+00:00,415.4,2.092,201.0,0.0069233333333333326
2025-11-07T15:15:41+00:00,415.4,2.092,201.0,0.0069233333333333326
2025-11-07T15:16:38+00:00,415.4,2.092,201.0,0.0069233333333333326
2025-11-07T15:16:41+00:00,415.4,2.092,201.0,0.0069233333333333326
2025-11-07T15:17:38+00:00,415.4,2.092,201.0,0.0069233333333333326
2025-11-07T15:17:41+00:00,415.4,2.092,201.0,0.0069233333333333326
2025-11-07T15:18:38+00:00,415.4,2.092,201.0,0.0069233333333333326
2025-11-07T15:18:41+00:00,415.4,2.092,201.0,0.0069233333333333326
2025-11-07T15:19:38+00:00,415.4,2.092,201.0,0.0069233333333333326
2025-11-07T15:19:41+00:00,415.4,2.092,201.0,0.0069233333333333326
2025-11-07T15:20:38+00:00,415.4,2.092,201.0,0.0069233333333333326
2025-11-07T15:20:41+00:00,415.4,2.092,201.0,0.0069233333333333326
2025-11-07T15:21:38+00:00,415.4,2.092,201.0,0.0069233333333333326
2025-11-07T15:21:41+00:00,415.4,2.092,201.0,0.0069233333333333326
2025-11-07T15:22:38+00:00,415.4,2.092,201.0,0.0069233333333333326
2025-11-07T15:22:41+00:00,415.4,2.092,201.0,0.0069233333333333326
2025-11-07T15:24:38+00:00,415.4,2.092,201.0,0.0069233333333333326
2025-11-07T15:24:41+00:00,415.4,2.092,201.0,0.0069233333333333326
2025-11-07T15:25:38+00:00,415.4,2.092,201.0,0.0069233333333333326
2025-11-07T15:25:41+00:00,415.4,2.092,201.0,0.0069233333333333326
2025-11-07T15:26:38+00:00,415.4,2.092,201.0,0.0069233333333333326
2025-11-07T15:26:41+00:00,415.4,2.092,201.0,0.0069233333333333326
2025-11-07T15:27:38+00:00,415.4,2.092,201.0,0.0069233333333333326
2025-11-07T15:27:41+00:00,415.4,2.092,201.0,0.0069233333333333326
2025-11-07T15:28:38+00:00,415.4,2.092,201.0,0.0069233333333333326
2025-11-07T15:28:41+00:00,415.4,2.092,201.0,0.0069233333333333326
2025-11-07T15:29:38+00:00,415.4,2.092,201.0,0.0069233333333333326
2025-11-07T15:29:41+00:00,415.4,2.092,201.0,0.0069233333333333326
2025-11-07T15:30:38+00:00,415.4,2.092,201.0,0.0069233333333333326
2025-11-07T15:30:41+00:00,415.4,2.092,201.0,0.0069233333333333326
2025-11-07T15:31:38+00:00,415.4,2.092,201.0,0.0069233333333333326
2025-11-07T15:31:41+00:00,415.4,2.092,201.0,0.0069233333333333326
2025-11-07T15:32:38+00:00,415.4,2.092,201.0,0.0069233333333333326
2025-11-07T15:32:41+00:00,415.4,2.092,201.0,0.0069233333333333326
2025-11-07T15:33:38+00:00,415.4,2.092,201.0,0.0069233333333333326
2025-11-07T15:33:41+00:00,415.4,2.092,201.0,0.0069233333333333326
2025-11-07T15:34:38+00:00,202.8,0.986,203.7,0.00338
2025-11-07T15:34:41+00:00,202.8,0.986,203.7,0.00338
2025-11-07T15:35:38+00:00,419.2,2.039,202.7,0.006986666666666666
2025-11-07T15:35:41+00:00,419.2,2.039,202.7,0.006986666666666666
2025-11-07T16:59:39+00:00,92.9,0.497,203.0,0.0015483333333333334
2025-11-07T16:59:42+00:00,92.9,0.497,203.0,0.0015483333333333334
2025-11-07T17:00:38+00:00,92.9,0.497,203.0,0.0015483333333333334
2025-11-07T17:00:41+00:00,92.9,0.497,203.0,0.0015483333333333334
2025-11-07T17:02:38+00:00,92.9,0.497,203.0,0.0015483333333333334
2025-11-07T17:02:41+00:00,92.9,0.497,203.0,0.0015483333333333334
2025-11-07T17:03:38+00:00,92.9,0.497,203.0,0.0015483333333333334
2025-11-07T17:03:41+00:00,92.9,0.497,203.0,0.0015483333333333334
2025-11-07T17:04:38+00:00,92.9,0.497,203.0,0.0015483333333333334
2025-11-07T17:04:41+00:00,92.9,0.497,203.0,0.0015483333333333334
2025-11-07T17:05:38+00:00,92.9,0.497,203.0,0.0015483333333333334
2025-11-07T17:05:41+00:00,92.9,0.497,203.0,0.0015483333333333334
2025-11-07T17:06:38+00:00,92.9,0.497,203.0,0.0015483333333333334
2025-11-07T17:06:41+00:00,92.9,0.497,203.0,0.0015483333333333334
2025-11-07T17:07:38+00:00,92.9,0.497,203.0,0.0015483333333333334
2025-11-07T17:07:41+00:00,92.9,0.497,203.0,0.0015483333333333334
2025-11-07T17:08:38+00:00,92.9,0.497,203.0,0.0015483333333333334
2025-11-07T17:08:41+00:00,92.9,0.497,203.0,0.0015483333333333334
2025-11-07T17:09:38+00:00,92.9,0.497,203.0,0.0015483333333333334
2025-11-07T17:09:41+00:00,92.9,0.497,203.0,0.0015483333333333334
2025-11-07T17:10:38+00:00,92.9,0.497,203.0,0.0015483333333333334
2025-11-07T17:10:41+00:00,92.9,0.497,203.0,0.0015483333333333334
2025-11-07T17:11:38+00:00,92.9,0.497,203.0,0.0015483333333333334
2025-11-07T17:11:41+00:00,92.9,0.497,203.0,0.0015483333333333334
2025-11-07T17:12:38+00:00,92.9,0.497,203.0,0.0015483333333333334
2025-11-07T17:12:41+00:00,92.9,0.497,203.0,0.0015483333333333334
2025-11-07T17:13:38+00:00,92.9,0.497,203.0,0.0015483333333333334
2025-11-07T17:13:41+00:00,92.9,0.497,203.0,0.0015483333333333334
2025-11-07T17:14:38+00:00,92.9,0.497,203.0,0.0015483333333333334
2025-11-07T17:14:41+00:00,92.9,0.497,203.0,0.0015483333333333334
2025-11-07T17:15:38+00:00,92.9,0.497,203.0,0.0015483333333333334
2025-11-07T17:15:41+00:00,92.9,0.497,203.0,0.0015483333333333334
2025-11-07T17:16:38+00:00,92.9,0.497,203.0,0.0015483333333333334
2025-11-07T17:16:41+00:00,92.9,0.497,203.0,0.0015483333333333334
2025-11-07T17:17:38+00:00,92.9,0.497,203.0,0.0015483333333333334
2025-11-07T17:17:41+00:00,92.9,0.497,203.0,0.0015483333333333334
2025-11-07T17:18:38+00:00,0.0,0.0,204.7,0.0
2025-11-07T17:18:41+00:00,0.0,0.0,204.7,0.0
2025-11-07T17:19:38+00:00,0.0,0.0,204.7,0.0
2025-11-07T17:19:41+00:00,0.0,0.0,204.7,0.0
2025-11-07T17:20:38+00:00,0.0,0.0,204.7,0.0
2025-11-07T17:20:41+00:00,0.0,0.0,204.7,0.0
2025-11-07T17:21:38+00:00,0.0,0.0,204.7,0.0
2025-11-07T17:21:41+00:00,0.0,0.0,204.7,0.0
2025-11-07T17:22:38+00:00,0.0,0.0,204.7,0.0
2025-11-07T17:22:41+00:00,0.0,0.0,204.7,0.0
2025-11-07T17:23:38+00:00,0.0,0.0,204.7,0.0
2025-11-07T17:23:41+00:00,0.0,0.0,204.7,0.0
2025-11-07T17:24:38+00:00,0.0,0.0,204.7,0.0
2025-11-07T17:24:41+00:00,0.0,0.0,204.7,0.0
2025-11-07T17:25:38+00:00,0.0,0.0,204.7,0.0
2025-11-07T17:25:41+00:00,0.0,0.0,204.7,0.0
2025-11-07T17:26:38+00:00,0.0,0.0,204.7,0.0
2025-11-07T17:26:41+00:00,0.0,0.0,204.7,0.0
2025-11-07T17:27:38+00:00,0.0,0.0,204.7,0.0
2025-11-07T17:27:41+00:00,0.0,0.0,204.7,0.0
2025-11-07T17:28:39+00:00,0.0,0.0,204.7,0.0
2025-11-07T17:28:41+00:00,0.0,0.0,204.7,0.0
2025-11-07T17:29:38+00:00,0.0,0.0,204.7,0.0
2025-11-07T17:29:41+00:00,0.0,0.0,204.7,0.0
2025-11-07T17:30:38+00:00,0.0,0.0,204.7,0.0
2025-11-07T17:30:41+00:00,0.0,0.0,204.7,0.0
2025-11-07T17:31:38+00:00,0.0,0.0,204.7,0.0
2025-11-07T17:31:41+00:00,0.0,0.0,204.7,0.0
2025-11-07T17:32:38+00:00,0.0,0.0,204.7,0.0
2025-11-07T17:32:41+00:00,0.0,0.0,204.7,0.0
2025-11-07T17:33:38+00:00,0.0,0.0,204.7,0.0
2025-11-07T17:33:41+00:00,0.0,0.0,204.7,0.0
2025-11-07T17:34:38+00:00,0.0,0.0,204.7,0.0
2025-11-07T17:34:41+00:00,0.0,0.0,204.7,0.0
2025-11-07T17:35:38+00:00,0.0,0.0,204.7,0.0
2025-11-07T17:35:41+00:00,0.0,0.0,204.7,0.0
2025-11-07T17:36:38+00:00,0.0,0.0,204.7,0.0
2025-11-07T17:36:41+00:00,0.0,0.0,204.7,0.0
2025-11-07T17:37:38+00:00,0.0,0.0,204.7,0.0
2025-11-07T17:37:41+00:00,0.0,0.0,204.7,0.0
2025-11-07T17:38:38+00:00,0.0,0.0,204.7,0.0
2025-11-07T17:38:41+00:00,0.0,0.0,204.7,0.0
2025-11-07T17:39:38+00:00,0.0,0.0,204.7,0.0
2025-11-07T17:39:41+00:00,89.4,0.469,202.7,0.00149
2025-11-07T17:40:38+00:00,89.4,0.469,202.7,0.00149
2025-11-07T17:40:41+00:00,89.4,0.469,202.7,0.00149
2025-11-07T17:41:38+00:00,89.4,0.469,202.7,0.00149
2025-11-07T17:41:41+00:00,89.4,0.469,202.7,0.00149
2025-11-07T17:42:38+00:00,89.4,0.469,202.7,0.00149
2025-11-07T17:42:41+00:00,89.4,0.469,202.7,0.00149
2025-11-07T17:43:38+00:00,89.4,0.469,202.7,0.00149
2025-11-07T17:43:41+00:00,89.4,0.469,202.7,0.00149
2025-11-07T17:44:38+00:00,89.4,0.469,202.7,0.00149
2025-11-07T17:44:41+00:00,89.4,0.469,202.7,0.00149
2025-11-07T17:45:38+00:00,89.4,0.469,202.7,0.00149
2025-11-07T17:45:41+00:00,89.4,0.469,202.7,0.00149
2025-11-07T17:46:38+00:00,89.4,0.469,202.7,0.00149
2025-11-07T17:46:41+00:00,89.4,0.469,202.7,0.00149
2025-11-07T17:47:38+00:00,89.4,0.469,202.7,0.00149
2025-11-07T17:47:41+00:00,89.4,0.469,202.7,0.00149
2025-11-07T17:48:38+00:00,89.4,0.469,202.7,0.00149
2025-11-07T17:48:41+00:00,89.4,0.469,202.7,0.00149
2025-11-07T17:49:38+00:00,89.4,0.469,202.7,0.00149
2025-11-07T17:49:41+00:00,89.4,0.469,202.7,0.00149
2025-11-07T17:50:38+00:00,89.4,0.469,202.7,0.00149
2025-11-07T17:50:41+00:00,89.4,0.469,202.7,0.00149
2025-11-07T17:51:38+00:00,89.4,0.469,202.7,0.00149
2025-11-07T17:51:41+00:00,89.4,0.469,202.7,0.00149
2025-11-07T17:52:38+00:00,89.4,0.469,202.7,0.00149
2025-11-07T17:52:41+00:00,89.4,0.469,202.7,0.00149
2025-11-07T17:53:38+00:00,89.4,0.469,202.7,0.00149
2025-11-07T17:53:41+00:00,89.4,0.469,202.7,0.00149
2025-11-07T17:54:38+00:00,89.4,0.469,202.7,0.00149
2025-11-07T17:54:41+00:00,89.4,0.469,202.7,0.00149
2025-11-07T17:55:38+00:00,0.0,0.0,198.7,0.0
2025-11-07T17:55:41+00:00,0.0,0.0,198.7,0.0
2025-11-07T17:56:38+00:00,0.0,0.0,198.7,0.0
2025-11-07T17:56:41+00:00,0.0,0.0,198.7,0.0
2025-11-07T17:57:38+00:00,0.0,0.0,198.7,0.0
2025-11-07T17:57:41+00:00,0.0,0.0,198.7,0.0
2025-11-07T17:58:39+00:00,0.0,0.0,198.7,0.0
2025-11-07T17:58:41+00:00,0.0,0.0,198.7,0.0
2025-11-07T17:59:38+00:00,0.0,0.0,198.7,0.0
2025-11-07T17:59:41+00:00,0.0,0.0,198.7,0.0
2025-11-07T18:00:38+00:00,0.0,0.0,198.7,0.0
2025-11-07T18:00:41+00:00,0.0,0.0,198.7,0.0
2025-11-07T18:01:38+00:00,0.0,0.0,198.7,0.0
2025-11-07T18:01:41+00:00,0.0,0.0,198.7,0.0
2025-11-07T18:02:38+00:00,0.0,0.0,198.7,0.0
2025-11-07T18:02:41+00:00,0.0,0.0,198.7,0.0
2025-11-07T18:03:38+00:00,0.0,0.0,198.7,0.0
2025-11-07T18:03:41+00:00,0.0,0.0,198.7,0.0
2025-11-07T18:04:38+00:00,0.0,0.0,198.7,0.0
2025-11-07T18:04:41+00:00,0.0,0.0,198.7,0.0
2025-11-07T18:05:38+00:00,0.0,0.0,198.7,0.0
2025-11-07T18:05:42+00:00,0.0,0.0,198.7,0.0
2025-11-07T18:06:38+00:00,0.0,0.0,198.7,0.0
2025-11-07T18:06:41+00:00,0.0,0.0,198.7,0.0
2025-11-07T18:07:38+00:00,0.0,0.0,198.7,0.0
2025-11-07T18:07:41+00:00,0.0,0.0,198.7,0.0
2025-11-07T18:08:38+00:00,0.0,0.0,198.7,0.0
2025-11-07T18:08:41+00:00,0.0,0.0,198.7,0.0
2025-11-07T18:09:38+00:00,0.0,0.0,198.7,0.0
2025-11-07T18:09:41+00:00,0.0,0.0,198.7,0.0
2025-11-07T18:10:38+00:00,0.0,0.0,198.7,0.0
2025-11-07T18:10:41+00:00,0.0,0.0,198.7,0.0
2025-11-07T18:11:38+00:00,0.0,0.0,198.7,0.0
2025-11-07T18:11:41+00:00,0.0,0.0,198.7,0.0
2025-11-07T18:12:38+00:00,0.0,0.0,198.7,0.0
2025-11-07T18:12:41+00:00,0.0,0.0,198.7,0.0
2025-11-07T18:13:38+00:00,0.0,0.0,198.7,0.0
2025-11-07T18:13:41+00:00,0.0,0.0,198.7,0.0
2025-11-07T18:14:38+00:00,0.0,0.0,198.7,0.0
2025-11-07T18:14:41+00:00,0.0,0.0,198.7,0.0
2025-11-07T18:15:38+00:00,0.0,0.0,198.7,0.0
2025-11-07T18:15:41+00:00,0.0,0.0,198.7,0.0
2025-11-07T18:16:38+00:00,0.0,0.0,198.7,0.0
2025-11-07T18:16:41+00:00,0.0,0.0,198.7,0.0
2025-11-07T18:17:38+00:00,0.0,0.0,198.7,0.0
2025-11-07T18:17:41+00:00,0.0,0.0,198.7,0.0
2025-11-07T18:18:38+00:00,0.0,0.0,198.7,0.0
2025-11-07T18:18:41+00:00,0.0,0.0,198.7,0.0
2025-11-07T18:19:38+00:00,0.0,0.0,198.7,0.0
2025-11-07T18:19:41+00:00,0.0,0.0,198.7,0.0
2025-11-07T18:20:38+00:00,0.0,0.0,198.7,0.0
2025-11-07T18:20:49+00:00,0.0,0.0,198.7,0.0
2025-11-07T18:21:38+00:00,0.0,0.0,198.7,0.0
2025-11-07T18:21:41+00:00,0.0,0.0,198.7,0.0
2025-11-07T18:22:38+00:00,0.0,0.0,198.7,0.0
2025-11-07T18:22:42+00:00,0.0,0.0,198.7,0.0
2025-11-07T18:23:39+00:00,0.0,0.0,198.7,0.0
2025-11-07T18:23:43+00:00,0.0,0.0,198.7,0.0
2025-11-07T18:24:38+00:00,0.0,0.0,198.7,0.0
2025-11-07T18:24:45+00:00,0.0,0.0,198.7,0.0
2025-11-07T18:25:38+00:00,0.0,0.0,198.7,0.0
2025-11-07T18:25:41+00:00,0.0,0.0,198.7,0.0
2025-11-07T18:26:38+00:00,0.0,0.0,198.7,0.0
2025-11-07T18:26:41+00:00,0.0,0.0,198.7,0.0
2025-11-07T18:27:38+00:00,0.0,0.0,198.7,0.0
2025-11-07T18:27:41+00:00,0.0,0.0,198.7,0.0
2025-11-07T18:28:38+00:00,0.0,0.0,198.7,0.0
2025-11-07T18:28:42+00:00,0.0,0.0,198.7,0.0
2025-11-07T18:29:38+00:00,0.0,0.0,198.7,0.0
2025-11-07T18:29:41+00:00,0.0,0.0,198.7,0.0
2025-11-07T18:30:38+00:00,0.0,0.0,198.7,0.0
2025-11-07T18:30:41+00:00,0.0,0.0,198.7,0.0
2025-11-07T18:31:38+00:00,0.0,0.0,198.7,0.0
2025-11-07T18:31:41+00:00,0.0,0.0,198.7,0.0
2025-11-07T18:32:38+00:00,0.0,0.0,198.7,0.0
2025-11-07T18:32:41+00:00,0.0,0.0,198.7,0.0
2025-11-07T18:33:38+00:00,0.0,0.0,198.7,0.0
2025-11-07T18:33:41+00:00,0.0,0.0,198.7,0.0
2025-11-07T18:34:38+00:00,0.0,0.0,198.7,0.0
2025-11-07T18:34:41+00:00,0.0,0.0,198.7,0.0
2025-11-07T18:35:38+00:00,0.0,0.0,198.7,0.0
2025-11-07T18:35:41+00:00,0.0,0.0,198.7,0.0
2025-11-07T18:36:38+00:00,0.0,0.0,198.7,0.0
2025-11-07T18:36:41+00:00,0.0,0.0,198.7,0.0
2025-11-07T18:37:38+00:00,0.0,0.0,198.7,0.0
2025-11-07T18:37:41+00:00,0.0,0.0,198.7,0.0
2025-11-07T18:38:38+00:00,0.0,0.0,198.7,0.0
2025-11-07T18:38:41+00:00,0.0,0.0,198.7,0.0
2025-11-07T18:39:38+00:00,0.0,0.0,198.7,0.0
2025-11-07T18:39:41+00:00,0.0,0.0,198.7,0.0
2025-11-07T18:40:38+00:00,0.0,0.0,198.7,0.0
2025-11-07T18:40:41+00:00,0.0,0.0,198.7,0.0
2025-11-07T18:41:38+00:00,0.0,0.0,198.7,0.0
2025-11-07T18:41:41+00:00,0.0,0.0,198.7,0.0
2025-11-07T18:42:38+00:00,0.0,0.0,198.7,0.0
2025-11-07T18:42:41+00:00,0.0,0.0,198.7,0.0
2025-11-07T18:43:38+00:00,0.0,0.0,198.7,0.0
2025-11-07T18:43:41+00:00,0.0,0.0,198.7,0.0
2025-11-07T18:44:38+00:00,0.0,0.0,198.7,0.0
2025-11-07T18:44:41+00:00,0.0,0.0,198.7,0.0
2025-11-07T18:45:38+00:00,0.0,0.0,198.7,0.0
2025-11-07T18:45:41+00:00,0.0,0.0,198.7,0.0
2025-11-07T18:46:38+00:00,0.0,0.0,198.7,0.0
2025-11-07T18:46:41+00:00,0.0,0.0,198.7,0.0
2025-11-07T18:47:38+00:00,0.0,0.0,198.7,0.0
2025-11-07T18:47:41+00:00,0.0,0.0,198.7,0.0
2025-11-07T18:48:38+00:00,0.0,0.0,198.7,0.0
2025-11-07T18:48:41+00:00,0.0,0.0,198.7,0.0
2025-11-07T18:49:38+00:00,0.0,0.0,198.7,0.0
2025-11-07T18:49:41+00:00,0.0,0.0,198.7,0.0
2025-11-07T18:50:38+00:00,0.0,0.0,198.7,0.0
2025-11-07T18:50:41+00:00,0.0,0.0,198.7,0.0
2025-11-07T18:51:38+00:00,0.0,0.0,198.7,0.0
2025-11-07T18:51:41+00:00,0.0,0.0,198.7,0.0
2025-11-07T18:52:38+00:00,0.0,0.0,198.7,0.0
2025-11-07T18:52:41+00:00,0.0,0.0,198.7,0.0
2025-11-07T18:53:38+00:00,0.0,0.0,198.7,0.0
2025-11-07T18:53:41+00:00,0.0,0.0,198.7,0.0
2025-11-07T18:54:38+00:00,0.0,0.0,198.7,0.0
2025-11-07T18:54:41+00:00,0.0,0.0,198.7,0.0
2025-11-07T18:55:38+00:00,3.0,0.049,211.1,5e-05
2025-11-07T18:55:41+00:00,3.0,0.049,211.1,5e-05
2025-11-07T18:56:38+00:00,3.0,0.049,211.1,5e-05
2025-11-07T18:56:41+00:00,3.0,0.049,211.1,5e-05
2025-11-07T18:57:38+00:00,3.0,0.049,211.1,5e-05
2025-11-07T18:57:41+00:00,3.0,0.049,211.1,5e-05
2025-11-07T18:58:38+00:00,3.0,0.049,211.1,5e-05
2025-11-07T18:58:41+00:00,3.0,0.049,211.1,5e-05
2025-11-07T18:59:38+00:00,3.0,0.049,211.1,5e-05
2025-11-07T18:59:42+00:00,3.0,0.049,211.1,5e-05
2025-11-07T19:00:39+00:00,3.0,0.049,211.1,5e-05
2025-11-07T19:00:41+00:00,3.0,0.049,211.1,5e-05
2025-11-07T19:01:38+00:00,3.0,0.049,211.1,5e-05
2025-11-07T19:01:41+00:00,3.0,0.049,211.1,5e-05
2025-11-07T19:02:38+00:00,3.0,0.049,211.1,5e-05
2025-11-07T19:02:41+00:00,3.0,0.049,211.1,5e-05
2025-11-07T19:03:38+00:00,3.0,0.049,211.1,5e-05
2025-11-07T19:03:41+00:00,3.0,0.049,211.1,5e-05
2025-11-07T19:04:38+00:00,3.0,0.049,211.1,5e-05
2025-11-07T19:04:41+00:00,3.0,0.049,211.1,5e-05
2025-11-07T19:05:38+00:00,3.0,0.049,211.1,5e-05
2025-11-07T19:05:41+00:00,3.0,0.049,211.1,5e-05
2025-11-07T19:06:38+00:00,3.0,0.049,211.1,5e-05
2025-11-07T19:07:08+00:00,3.0,0.049,211.1,5e-05
2025-11-07T19:07:38+00:00,3.0,0.049,211.1,5e-05
2025-11-07T19:07:41+00:00,3.0,0.049,211.1,5e-05
2025-11-07T19:08:38+00:00,3.0,0.049,211.1,5e-05
2025-11-07T19:08:41+00:00,3.0,0.049,211.1,5e-05
2025-11-07T19:09:38+00:00,3.0,0.049,211.1,5e-05
2025-11-07T19:09:41+00:00,3.0,0.049,211.1,5e-05
2025-11-07T19:10:38+00:00,3.0,0.049,211.1,5e-05
2025-11-07T19:10:41+00:00,3.0,0.049,211.1,5e-05
2025-11-07T19:11:38+00:00,3.0,0.049,211.1,5e-05
2025-11-07T19:11:43+00:00,3.0,0.049,211.1,5e-05
2025-11-07T19:12:38+00:00,3.0,0.049,211.1,5e-05
2025-11-07T19:12:41+00:00,3.0,0.049,211.1,5e-05
2025-11-07T19:13:39+00:00,3.0,0.049,211.1,5e-05
2025-11-07T19:13:42+00:00,3.0,0.049,211.1,5e-05
2025-11-07T19:14:39+00:00,3.0,0.049,211.1,5e-05
2025-11-07T19:14:42+00:00,3.0,0.049,211.1,5e-05
2025-11-07T19:15:40+00:00,3.0,0.049,211.1,5e-05
2025-11-07T19:15:42+00:00,3.0,0.049,211.1,5e-05
2025-11-07T19:16:38+00:00,3.0,0.049,211.1,5e-05
2025-11-07T19:16:41+00:00,3.0,0.049,211.1,5e-05
2025-11-07T19:17:39+00:00,3.0,0.049,211.1,5e-05
2025-11-07T19:17:41+00:00,3.0,0.049,211.1,5e-05
2025-11-07T19:18:39+00:00,3.0,0.049,211.1,5e-05
2025-11-07T19:18:44+00:00,3.0,0.049,211.1,5e-05
2025-11-07T19:19:38+00:00,3.0,0.049,211.1,5e-05
2025-11-07T19:19:41+00:00,3.0,0.049,211.1,5e-05
2025-11-07T19:20:38+00:00,3.0,0.049,211.1,5e-05
2025-11-07T19:20:42+00:00,3.0,0.049,211.1,5e-05
2025-11-07T19:21:39+00:00,3.0,0.049,211.1,5e-05
2025-11-07T19:21:42+00:00,3.0,0.049,211.1,5e-05
2025-11-07T19:22:38+00:00,3.0,0.049,211.1,5e-05
2025-11-07T19:22:41+00:00,3.0,0.049,211.1,5e-05
2025-11-07T19:23:39+00:00,3.0,0.049,211.1,5e-05
2025-11-07T19:23:42+00:00,3.0,0.049,211.1,5e-05
2025-11-07T19:24:39+00:00,3.0,0.049,211.1,5e-05
2025-11-07T19:24:42+00:00,3.0,0.049,211.1,5e-05
2025-11-07T19:25:38+00:00,3.0,0.049,211.1,5e-05
2025-11-07T19:25:41+00:00,3.0,0.049,211.1,5e-05
2025-11-07T19:26:38+00:00,3.0,0.049,211.1,5e-05
2025-11-07T19:26:42+00:00,3.0,0.049,211.1,5e-05
2025-11-07T19:27:38+00:00,3.0,0.049,211.1,5e-05
2025-11-07T19:27:41+00:00,3.0,0.049,211.1,5e-05
2025-11-07T19:28:39+00:00,3.0,0.049,211.1,5e-05
2025-11-07T19:28:41+00:00,3.0,0.049,211.1,5e-05
2025-11-07T19:29:39+00:00,3.0,0.049,211.1,5e-05
2025-11-07T19:29:41+00:00,3.0,0.049,211.1,5e-05
2025-11-07T19:30:38+00:00,3.0,0.049,211.1,5e-05
2025-11-07T19:30:42+00:00,3.0,0.049,211.1,5e-05
2025-11-07T19:31:38+00:00,3.0,0.049,211.1,5e-05
2025-11-07T19:31:41+00:00,3.0,0.049,211.1,5e-05
2025-11-07T19:32:38+00:00,3.0,0.049,211.1,5e-05
2025-11-07T19:32:41+00:00,3.0,0.049,211.1,5e-05
2025-11-07T19:33:38+00:00,3.0,0.049,211.1,5e-05
2025-11-07T19:33:41+00:00,3.0,0.049,211.1,5e-05
2025-11-07T19:34:38+00:00,3.0,0.049,211.1,5e-05
2025-11-07T19:34:41+00:00,3.0,0.049,211.1,5e-05
2025-11-07T19:35:38+00:00,3.0,0.049,211.1,5e-05
2025-11-07T19:35:42+00:00,3.0,0.049,211.1,5e-05
2025-11-07T19:36:39+00:00,3.0,0.049,211.1,5e-05
2025-11-07T19:36:42+00:00,3.0,0.049,211.1,5e-05
2025-11-07T19:37:38+00:00,3.0,0.049,211.1,5e-05
2025-11-07T19:37:41+00:00,3.0,0.049,211.1,5e-05
2025-11-07T19:38:38+00:00,3.0,0.049,211.1,5e-05
2025-11-07T19:38:41+00:00,3.0,0.049,211.1,5e-05
2025-11-07T19:39:40+00:00,3.0,0.049,211.1,5e-05
2025-11-07T19:39:41+00:00,3.0,0.049,211.1,5e-05
2025-11-07T19:40:38+00:00,3.0,0.049,211.1,5e-05
2025-11-07T19:40:41+00:00,3.0,0.049,211.1,5e-05
2025-11-07T19:41:38+00:00,3.0,0.049,211.1,5e-05
2025-11-07T19:41:41+00:00,3.0,0.049,211.1,5e-05
2025-11-07T19:42:38+00:00,3.0,0.049,211.1,5e-05
2025-11-07T19:42:41+00:00,3.0,0.049,211.1,5e-05
2025-11-07T19:43:38+00:00,3.0,0.049,211.1,5e-05
2025-11-07T19:43:41+00:00,3.0,0.049,211.1,5e-05
2025-11-07T19:44:39+00:00,3.0,0.049,211.1,5e-05
2025-11-07T19:44:42+00:00,3.0,0.049,211.1,5e-05
2025-11-07T19:45:38+00:00,3.0,0.049,211.1,5e-05
2025-11-07T19:45:42+00:00,3.0,0.049,211.1,5e-05
2025-11-08T13:11:26+00:00,94.9,0.456,210.4,0.0015816666666666668
2025-11-08T13:11:29+00:00,94.9,0.456,210.4,0.0015816666666666668
2025-11-08T13:12:26+00:00,94.9,0.456,210.4,0.0015816666666666668
2025-11-08T13:12:29+00:00,94.9,0.456,210.4,0.0015816666666666668
2025-11-08T13:13:26+00:00,94.9,0.456,210.4,0.0015816666666666668
2025-11-08T13:13:29+00:00,94.9,0.456,210.4,0.0015816666666666668
2025-11-08T13:14:26+00:00,94.9,0.456,210.4,0.0015816666666666668
2025-11-08T13:14:29+00:00,94.9,0.456,210.4,0.0015816666666666668
2025-11-08T13:15:26+00:00,94.9,0.456,210.4,0.0015816666666666668
2025-11-08T13:15:29+00:00,94.9,0.456,210.4,0.0015816666666666668
2025-11-08T13:16:26+00:00,96.6,0.421,209.7,0.0016099999999999999
2025-11-08T13:16:29+00:00,96.6,0.421,209.7,0.0016099999999999999
2025-11-08T13:17:26+00:00,96.6,0.421,209.7,0.0016099999999999999
2025-11-08T13:17:29+00:00,96.6,0.421,209.7,0.0016099999999999999
2025-11-08T13:18:26+00:00,96.6,0.421,209.7,0.0016099999999999999
2025-11-08T13:18:29+00:00,96.6,0.421,209.7,0.0016099999999999999
2025-11-08T13:19:26+00:00,96.6,0.421,209.7,0.0016099999999999999
2025-11-08T13:19:29+00:00,96.6,0.421,209.7,0.0016099999999999999
2025-11-08T13:20:26+00:00,96.6,0.421,209.7,0.0016099999999999999
2025-11-08T13:20:29+00:00,96.6,0.421,209.7,0.0016099999999999999
2025-11-08T13:21:26+00:00,96.6,0.421,209.7,0.0016099999999999999
2025-11-08T13:21:29+00:00,96.6,0.421,209.7,0.0016099999999999999
2025-11-08T13:22:26+00:00,96.6,0.421,209.7,0.0016099999999999999
2025-11-08T13:22:29+00:00,96.6,0.421,209.7,0.0016099999999999999
2025-11-08T13:23:26+00:00,96.6,0.421,209.7,0.0016099999999999999
2025-11-08T13:23:29+00:00,96.6,0.421,209.7,0.0016099999999999999
2025-11-08T13:24:26+00:00,96.6,0.421,209.7,0.0016099999999999999
2025-11-08T13:24:29+00:00,96.6,0.421,209.7,0.0016099999999999999
2025-11-08T13:25:26+00:00,96.6,0.421,209.7,0.0016099999999999999
2025-11-08T13:25:29+00:00,96.6,0.421,209.7,0.0016099999999999999
2025-11-08T13:26:26+00:00,96.6,0.421,209.7,0.0016099999999999999
2025-11-08T13:26:29+00:00,96.6,0.421,209.7,0.0016099999999999999
2025-11-08T13:27:26+00:00,96.6,0.421,209.7,0.0016099999999999999
2025-11-08T13:27:29+00:00,96.6,0.421,209.7,0.0016099999999999999
2025-11-08T13:28:26+00:00,96.6,0.421,209.7,0.0016099999999999999
2025-11-08T13:28:29+00:00,96.6,0.421,209.7,0.0016099999999999999
2025-11-08T13:29:26+00:00,96.6,0.421,209.7,0.0016099999999999999
2025-11-08T13:29:32+00:00,96.6,0.421,209.7,0.0016099999999999999
2025-11-08T13:30:26+00:00,96.6,0.421,209.7,0.0016099999999999999
2025-11-08T13:30:29+00:00,96.6,0.421,209.7,0.0016099999999999999
2025-11-08T13:31:26+00:00,96.6,0.421,209.7,0.0016099999999999999
2025-11-08T13:31:29+00:00,96.6,0.421,209.7,0.0016099999999999999
2025-11-08T13:32:26+00:00,96.6,0.421,209.7,0.0016099999999999999
2025-11-08T13:32:29+00:00,96.6,0.421,209.7,0.0016099999999999999
2025-11-08T13:33:26+00:00,96.6,0.421,209.7,0.0016099999999999999
2025-11-08T13:33:29+00:00,96.6,0.421,209.7,0.0016099999999999999
2025-11-08T13:34:26+00:00,96.6,0.421,209.7,0.0016099999999999999
2025-11-08T13:34:29+00:00,96.6,0.421,209.7,0.0016099999999999999
2025-11-08T13:35:26+00:00,96.6,0.421,209.7,0.0016099999999999999
2025-11-08T13:35:29+00:00,96.6,0.421,209.7,0.0016099999999999999
2025-11-08T13:36:26+00:00,96.6,0.421,209.7,0.0016099999999999999
2025-11-08T13:36:29+00:00,96.6,0.421,209.7,0.0016099999999999999
2025-11-08T13:37:26+00:00,96.6,0.421,209.7,0.0016099999999999999
2025-11-08T13:37:29+00:00,96.6,0.421,209.7,0.0016099999999999999
2025-11-08T13:38:26+00:00,96.6,0.421,209.7,0.0016099999999999999
2025-11-08T13:38:29+00:00,96.6,0.421,209.7,0.0016099999999999999
2025-11-08T13:39:26+00:00,96.6,0.421,209.7,0.0016099999999999999
2025-11-08T13:39:29+00:00,96.6,0.421,209.7,0.0016099999999999999
2025-11-08T13:40:26+00:00,96.6,0.421,209.7,0.0016099999999999999
2025-11-08T13:40:29+00:00,96.6,0.421,209.7,0.0016099999999999999
2025-11-08T13:41:26+00:00,96.6,0.421,209.7,0.0016099999999999999
2025-11-08T13:41:29+00:00,96.6,0.421,209.7,0.0016099999999999999
2025-11-08T13:42:26+00:00,96.6,0.421,209.7,0.0016099999999999999
2025-11-08T13:42:29+00:00,96.6,0.421,209.7,0.0016099999999999999
2025-11-08T13:43:26+00:00,96.6,0.421,209.7,0.0016099999999999999
2025-11-08T13:43:29+00:00,96.6,0.421,209.7,0.0016099999999999999
2025-11-08T13:44:26+00:00,96.6,0.421,209.7,0.0016099999999999999
2025-11-08T13:44:29+00:00,96.6,0.421,209.7,0.0016099999999999999
2025-11-08T13:45:26+00:00,96.6,0.421,209.7,0.0016099999999999999
2025-11-08T13:45:29+00:00,96.6,0.421,209.7,0.0016099999999999999
2025-11-08T13:46:26+00:00,96.6,0.421,209.7,0.0016099999999999999
2025-11-08T13:46:29+00:00,96.6,0.421,209.7,0.0016099999999999999
2025-11-08T13:47:26+00:00,96.6,0.421,209.7,0.0016099999999999999
2025-11-08T13:47:29+00:00,96.6,0.421,209.7,0.0016099999999999999
2025-11-08T13:48:26+00:00,96.6,0.421,209.7,0.0016099999999999999
2025-11-08T13:48:29+00:00,96.6,0.421,209.7,0.0016099999999999999
2025-11-08T13:49:26+00:00,96.6,0.421,209.7,0.0016099999999999999
2025-11-08T13:49:29+00:00,96.6,0.421,209.7,0.0016099999999999999
2025-11-08T13:50:26+00:00,96.6,0.421,209.7,0.0016099999999999999
2025-11-08T13:50:29+00:00,96.6,0.421,209.7,0.0016099999999999999
2025-11-08T14:02:08+00:00,73.9,0.395,209.3,0.0012316666666666667
2025-11-08T14:02:11+00:00,73.9,0.395,209.3,0.0012316666666666667
2025-11-08T14:02:26+00:00,73.9,0.395,209.3,0.0012316666666666667
2025-11-08T14:02:29+00:00,73.9,0.395,209.3,0.0012316666666666667
2025-11-08T14:03:26+00:00,73.9,0.395,209.3,0.0012316666666666667
2025-11-08T14:03:29+00:00,73.9,0.395,209.3,0.0012316666666666667
2025-11-08T14:04:29+00:00,73.9,0.395,209.3,0.0012316666666666667
2025-11-08T14:04:47+00:00,73.9,0.395,209.3,0.0012316666666666667
2025-11-08T14:05:26+00:00,73.9,0.395,209.3,0.0012316666666666667
2025-11-08T14:05:29+00:00,73.9,0.395,209.3,0.0012316666666666667
2025-11-08T14:06:47+00:00,73.9,0.395,209.3,0.0012316666666666667
2025-11-08T14:06:51+00:00,73.9,0.395,209.3,0.0012316666666666667
2025-11-08T14:07:26+00:00,73.9,0.395,209.3,0.0012316666666666667
2025-11-08T14:07:29+00:00,73.9,0.395,209.3,0.0012316666666666667
2025-11-08T14:08:26+00:00,73.9,0.395,209.3,0.0012316666666666667
2025-11-08T14:08:29+00:00,73.9,0.395,209.3,0.0012316666666666667
2025-11-08T14:09:26+00:00,73.9,0.395,209.3,0.0012316666666666667
2025-11-08T14:09:29+00:00,73.9,0.395,209.3,0.0012316666666666667
2025-11-08T14:10:26+00:00,73.9,0.395,209.3,0.0012316666666666667
2025-11-08T14:10:29+00:00,73.9,0.395,209.3,0.0012316666666666667
2025-11-10T06:40:41+00:00,82.2,0.381,208.2,0.0013700000000000001
2025-11-10T06:40:44+00:00,82.2,0.381,208.2,0.0013700000000000001
2025-11-10T06:41:41+00:00,82.2,0.381,208.2,0.0013700000000000001
2025-11-10T06:41:44+00:00,82.2,0.381,208.2,0.0013700000000000001
2025-11-10T06:42:41+00:00,82.2,0.381,208.2,0.0013700000000000001
2025-11-10T06:42:44+00:00,82.2,0.381,208.2,0.0013700000000000001
2025-11-10T06:43:41+00:00,0.0,0.0,209.3,0.0
2025-11-10T06:43:44+00:00,0.0,0.0,209.3,0.0
2025-11-10T06:44:41+00:00,75.1,0.392,208.2,0.0012516666666666666
2025-11-10T06:44:44+00:00,75.1,0.392,208.2,0.0012516666666666666
2025-11-10T06:45:41+00:00,75.1,0.392,208.2,0.0012516666666666666
2025-11-10T06:45:44+00:00,75.1,0.392,208.2,0.0012516666666666666
2025-11-10T06:46:41+00:00,75.1,0.392,208.2,0.0012516666666666666
2025-11-10T06:46:44+00:00,75.1,0.392,208.2,0.0012516666666666666
2025-11-10T06:47:41+00:00,75.1,0.392,208.2,0.0012516666666666666
2025-11-10T06:47:44+00:00,75.1,0.392,208.2,0.0012516666666666666
2025-11-10T06:48:41+00:00,75.1,0.392,208.2,0.0012516666666666666
2025-11-10T06:48:44+00:00,75.1,0.392,208.2,0.0012516666666666666
2025-11-10T06:49:43+00:00,75.1,0.392,208.2,0.0012516666666666666
2025-11-10T06:49:44+00:00,75.1,0.392,208.2,0.0012516666666666666
2025-11-10T06:50:41+00:00,75.1,0.392,208.2,0.0012516666666666666
2025-11-10T06:50:44+00:00,75.1,0.392,208.2,0.0012516666666666666
2025-11-10T06:51:41+00:00,75.1,0.392,208.2,0.0012516666666666666
2025-11-10T06:51:44+00:00,75.1,0.392,208.2,0.0012516666666666666
2025-11-10T06:52:41+00:00,75.1,0.392,208.2,0.0012516666666666666
2025-11-10T06:52:44+00:00,75.1,0.392,208.2,0.0012516666666666666
2025-11-10T06:53:42+00:00,75.1,0.392,208.2,0.0012516666666666666
2025-11-10T06:53:44+00:00,75.1,0.392,208.2,0.0012516666666666666
2025-11-10T06:54:41+00:00,75.1,0.392,208.2,0.0012516666666666666
2025-11-10T06:54:44+00:00,75.1,0.392,208.2,0.0012516666666666666
2025-11-10T06:55:41+00:00,75.1,0.392,208.2,0.0012516666666666666
2025-11-10T06:55:44+00:00,75.1,0.392,208.2,0.0012516666666666666
2025-11-10T06:56:41+00:00,75.1,0.392,208.2,0.0012516666666666666
2025-11-10T06:56:44+00:00,75.1,0.392,208.2,0.0012516666666666666
2025-11-10T06:57:41+00:00,75.1,0.392,208.2,0.0012516666666666666
2025-11-10T06:57:44+00:00,75.1,0.392,208.2,0.0012516666666666666
2025-11-10T06:58:41+00:00,75.1,0.392,208.2,0.0012516666666666666
2025-11-10T06:58:44+00:00,75.1,0.392,208.2,0.0012516666666666666
2025-11-10T06:59:41+00:00,75.1,0.392,208.2,0.0012516666666666666
2025-11-10T06:59:44+00:00,75.1,0.392,208.2,0.0012516666666666666
2025-11-10T07:00:41+00:00,75.1,0.392,208.2,0.0012516666666666666
2025-11-10T07:00:44+00:00,75.1,0.392,208.2,0.0012516666666666666
2025-11-10T07:01:41+00:00,75.1,0.392,208.2,0.0012516666666666666
2025-11-10T07:01:44+00:00,75.1,0.392,208.2,0.0012516666666666666
2025-11-10T07:02:41+00:00,75.1,0.392,208.2,0.0012516666666666666
2025-11-10T07:02:44+00:00,75.1,0.392,208.2,0.0012516666666666666
2025-11-10T07:03:41+00:00,75.1,0.392,208.2,0.0012516666666666666
2025-11-10T07:03:44+00:00,75.1,0.392,208.2,0.0012516666666666666
2025-11-10T07:04:41+00:00,75.1,0.392,208.2,0.0012516666666666666
2025-11-10T07:04:44+00:00,75.1,0.392,208.2,0.0012516666666666666
2025-11-10T07:05:41+00:00,75.1,0.392,208.2,0.0012516666666666666
2025-11-10T07:05:44+00:00,75.1,0.392,208.2,0.0012516666666666666
2025-11-10T07:06:42+00:00,75.1,0.392,208.2,0.0012516666666666666
2025-11-10T07:06:44+00:00,75.1,0.392,208.2,0.0012516666666666666
2025-11-10T07:07:41+00:00,75.1,0.392,208.2,0.0012516666666666666
2025-11-10T07:07:44+00:00,75.1,0.392,208.2,0.0012516666666666666
2025-11-10T07:08:41+00:00,75.1,0.392,208.2,0.0012516666666666666
2025-11-10T07:08:44+00:00,75.1,0.392,208.2,0.0012516666666666666
2025-11-10T07:09:41+00:00,75.1,0.392,208.2,0.0012516666666666666
2025-11-10T07:09:44+00:00,75.1,0.392,208.2,0.0012516666666666666
2025-11-10T07:10:41+00:00,75.1,0.392,208.2,0.0012516666666666666
2025-11-10T07:10:44+00:00,75.1,0.392,208.2,0.0012516666666666666
2025-11-10T07:11:41+00:00,75.1,0.392,208.2,0.0012516666666666666
2025-11-10T07:11:44+00:00,75.1,0.392,208.2,0.0012516666666666666
2025-11-10T07:12:41+00:00,75.1,0.392,208.2,0.0012516666666666666
2025-11-10T07:12:44+00:00,75.1,0.392,208.2,0.0012516666666666666
2025-11-10T09:39:07+00:00,131.3,0.65,214.9,0.0021883333333333334
2025-11-10T09:39:14+00:00,131.3,0.65,214.9,0.0021883333333333334
2025-11-10T09:40:07+00:00,131.3,0.65,214.9,0.0021883333333333334
2025-11-10T09:40:14+00:00,131.3,0.65,214.9,0.0021883333333333334
2025-11-10T09:41:07+00:00,131.3,0.65,214.9,0.0021883333333333334
2025-11-10T09:41:14+00:00,131.3,0.65,214.9,0.0021883333333333334
2025-11-10T09:42:08+00:00,131.3,0.65,214.9,0.0021883333333333334
2025-11-10T09:42:14+00:00,131.3,0.65,214.9,0.0021883333333333334
2025-11-10T09:43:07+00:00,131.3,0.65,214.9,0.0021883333333333334
2025-11-10T09:43:14+00:00,131.3,0.65,214.9,0.0021883333333333334
2025-11-10T09:44:08+00:00,131.3,0.65,214.9,0.0021883333333333334
2025-11-10T09:44:14+00:00,131.3,0.65,214.9,0.0021883333333333334
2025-11-10T09:45:07+00:00,131.3,0.65,214.9,0.0021883333333333334
2025-11-10T09:45:14+00:00,131.3,0.65,214.9,0.0021883333333333334
2025-11-10T09:46:07+00:00,370.2,1.776,215.6,0.00617
2025-11-10T09:46:14+00:00,370.2,1.776,215.6,0.00617
2025-11-10T09:47:08+00:00,370.2,1.776,215.6,0.00617
2025-11-10T09:47:14+00:00,370.2,1.776,215.6,0.00617
2025-11-10T09:48:08+00:00,370.2,1.776,215.6,0.00617
2025-11-10T09:48:14+00:00,370.2,1.776,215.6,0.00617
2025-11-10T09:49:07+00:00,370.2,1.776,215.6,0.00617
2025-11-10T09:49:14+00:00,370.2,1.776,215.6,0.00617
2025-11-10T09:50:07+00:00,370.2,1.776,215.6,0.00617
2025-11-10T09:50:14+00:00,370.2,1.776,215.6,0.00617
2025-11-10T09:51:08+00:00,370.2,1.776,215.6,0.00617
2025-11-10T09:51:14+00:00,370.2,1.776,215.6,0.00617
2025-11-10T09:52:07+00:00,370.2,1.776,215.6,0.00617
2025-11-10T09:52:14+00:00,370.2,1.776,215.6,0.00617
2025-11-10T09:53:08+00:00,370.2,1.776,215.6,0.00617
2025-11-10T09:53:14+00:00,370.2,1.776,215.6,0.00617
2025-11-10T09:54:08+00:00,370.2,1.776,215.6,0.00617
2025-11-10T09:54:14+00:00,370.2,1.776,215.6,0.00617
2025-11-10T09:55:07+00:00,370.2,1.776,215.6,0.00617
2025-11-10T09:55:14+00:00,370.2,1.776,215.6,0.00617
2025-11-10T09:56:08+00:00,370.2,1.776,215.6,0.00617
2025-11-10T09:56:14+00:00,370.2,1.776,215.6,0.00617
2025-11-10T09:57:07+00:00,370.2,1.776,215.6,0.00617
2025-11-10T09:57:14+00:00,370.2,1.776,215.6,0.00617
2025-11-10T09:58:07+00:00,370.2,1.776,215.6,0.00617
2025-11-10T09:58:14+00:00,370.2,1.776,215.6,0.00617
2025-11-10T09:59:08+00:00,370.2,1.776,215.6,0.00617
2025-11-10T09:59:14+00:00,370.2,1.776,215.6,0.00617
2025-11-10T10:00:08+00:00,370.2,1.776,215.6,0.00617
2025-11-10T10:00:14+00:00,370.2,1.776,215.6,0.00617
2025-11-10T10:01:08+00:00,370.2,1.776,215.6,0.00617
2025-11-10T10:01:14+00:00,370.2,1.776,215.6,0.00617
2025-11-10T10:02:08+00:00,370.2,1.776,215.6,0.00617
2025-11-10T10:02:14+00:00,370.2,1.776,215.6,0.00617
2025-11-10T10:03:15+00:00,370.2,1.776,215.6,0.00617
2025-11-10T10:03:28+00:00,370.2,1.776,215.6,0.00617
2025-11-10T10:04:07+00:00,370.2,1.776,215.6,0.00617
2025-11-10T10:04:14+00:00,370.2,1.776,215.6,0.00617
2025-11-10T10:05:08+00:00,370.2,1.776,215.6,0.00617
2025-11-10T10:05:14+00:00,370.2,1.776,215.6,0.00617
2025-11-10T10:06:07+00:00,370.2,1.776,215.6,0.00617
2025-11-10T10:06:14+00:00,370.2,1.776,215.6,0.00617
2025-11-10T10:07:07+00:00,370.2,1.776,215.6,0.00617
2025-11-10T10:07:14+00:00,370.2,1.776,215.6,0.00617
2025-11-10T10:08:08+00:00,370.2,1.776,215.6,0.00617
2025-11-10T10:08:14+00:00,370.2,1.776,215.6,0.00617
2025-11-10T10:09:08+00:00,370.2,1.776,215.6,0.00617
2025-11-10T10:09:14+00:00,370.2,1.776,215.6,0.00617
2025-11-10T10:10:08+00:00,370.2,1.776,215.6,0.00617
2025-11-10T10:10:14+00:00,370.2,1.776,215.6,0.00617
2025-11-10T11:52:09+00:00,85.8,0.416,216.0,0.0014299999999999998
2025-11-10T11:52:14+00:00,85.8,0.416,216.0,0.0014299999999999998
2025-11-10T11:53:07+00:00,85.8,0.416,216.0,0.0014299999999999998
2025-11-10T11:53:14+00:00,85.8,0.416,216.0,0.0014299999999999998
2025-11-10T11:54:08+00:00,85.8,0.416,216.0,0.0014299999999999998
2025-11-10T11:54:14+00:00,85.8,0.416,216.0,0.0014299999999999998
2025-11-10T11:55:07+00:00,85.8,0.416,216.0,0.0014299999999999998
2025-11-10T11:55:14+00:00,85.8,0.416,216.0,0.0014299999999999998
2025-11-10T11:56:09+00:00,85.8,0.416,216.0,0.0014299999999999998
2025-11-10T11:56:14+00:00,85.8,0.416,216.0,0.0014299999999999998
2025-11-10T11:57:07+00:00,85.8,0.416,216.0,0.0014299999999999998
2025-11-10T11:57:14+00:00,85.8,0.416,216.0,0.0014299999999999998
2025-11-10T11:58:07+00:00,85.8,0.416,216.0,0.0014299999999999998
2025-11-10T11:58:14+00:00,85.8,0.416,216.0,0.0014299999999999998
2025-11-10T11:59:07+00:00,85.8,0.416,216.0,0.0014299999999999998
2025-11-10T11:59:14+00:00,85.8,0.416,216.0,0.0014299999999999998
2025-11-10T12:00:07+00:00,85.8,0.416,216.0,0.0014299999999999998
2025-11-10T12:00:14+00:00,85.8,0.416,216.0,0.0014299999999999998
2025-11-10T12:01:07+00:00,85.8,0.416,216.0,0.0014299999999999998
2025-11-10T12:01:14+00:00,85.8,0.416,216.0,0.0014299999999999998
2025-11-10T12:02:08+00:00,85.8,0.416,216.0,0.0014299999999999998
2025-11-10T12:02:14+00:00,85.8,0.416,216.0,0.0014299999999999998
2025-11-10T12:03:07+00:00,85.8,0.416,216.0,0.0014299999999999998
2025-11-10T12:03:14+00:00,85.8,0.416,216.0,0.0014299999999999998
2025-11-10T12:04:07+00:00,85.8,0.416,216.0,0.0014299999999999998
2025-11-10T12:04:14+00:00,85.8,0.416,216.0,0.0014299999999999998
2025-11-10T12:05:07+00:00,85.8,0.416,216.0,0.0014299999999999998
2025-11-10T12:05:14+00:00,85.8,0.416,216.0,0.0014299999999999998
2025-11-10T12:06:08+00:00,85.8,0.416,216.0,0.0014299999999999998
2025-11-10T12:06:14+00:00,85.8,0.416,216.0,0.0014299999999999998
2025-11-10T12:07:07+00:00,85.8,0.416,216.0,0.0014299999999999998
2025-11-10T12:07:14+00:00,85.8,0.416,216.0,0.0014299999999999998
2025-11-10T12:08:07+00:00,85.8,0.416,216.0,0.0014299999999999998
2025-11-10T12:08:14+00:00,85.8,0.416,216.0,0.0014299999999999998
2025-11-10T12:09:07+00:00,105.0,0.518,213.0,0.00175
2025-11-10T12:09:14+00:00,105.0,0.518,213.0,0.00175
2025-11-10T12:10:08+00:00,105.0,0.518,213.0,0.00175
2025-11-10T12:10:14+00:00,105.0,0.518,213.0,0.00175
2025-11-10T12:11:08+00:00,105.0,0.518,213.0,0.00175
2025-11-10T12:11:14+00:00,105.0,0.518,213.0,0.00175
2025-11-10T12:12:08+00:00,105.0,0.518,213.0,0.00175
2025-11-10T12:12:14+00:00,105.0,0.518,213.0,0.00175
2025-11-10T12:13:08+00:00,105.0,0.518,213.0,0.00175
2025-11-10T12:13:14+00:00,105.0,0.518,213.0,0.00175
2025-11-10T12:14:08+00:00,105.0,0.518,213.0,0.00175
2025-11-10T12:14:14+00:00,105.0,0.518,213.0,0.00175
2025-11-10T12:15:08+00:00,105.0,0.518,213.0,0.00175
2025-11-10T12:15:14+00:00,105.0,0.518,213.0,0.00175
2025-11-10T12:16:08+00:00,105.0,0.518,213.0,0.00175
2025-11-10T12:16:14+00:00,105.0,0.518,213.0,0.00175
2025-11-10T12:17:07+00:00,105.0,0.518,213.0,0.00175
2025-11-10T12:17:14+00:00,105.0,0.518,213.0,0.00175
2025-11-10T12:18:08+00:00,105.0,0.518,213.0,0.00175
2025-11-10T12:18:14+00:00,105.0,0.518,213.0,0.00175
2025-11-10T12:19:08+00:00,105.0,0.518,213.0,0.00175
2025-11-10T12:19:14+00:00,105.0,0.518,213.0,0.00175
2025-11-10T12:20:07+00:00,105.0,0.518,213.0,0.00175
2025-11-10T12:20:14+00:00,105.0,0.518,213.0,0.00175
2025-11-10T12:21:08+00:00,105.0,0.518,213.0,0.00175
2025-11-10T12:21:14+00:00,105.0,0.518,213.0,0.00175
2025-11-10T12:22:08+00:00,105.0,0.518,213.0,0.00175
2025-11-10T12:22:14+00:00,105.0,0.518,213.0,0.00175
2025-11-10T12:23:07+00:00,105.0,0.518,213.0,0.00175
2025-11-10T12:23:14+00:00,105.0,0.518,213.0,0.00175
2025-11-10T13:51:12+00:00,77.3,0.384,214.9,0.0012883333333333334
2025-11-10T13:51:15+00:00,77.3,0.384,214.9,0.0012883333333333334
2025-11-10T13:52:07+00:00,77.3,0.384,214.9,0.0012883333333333334
2025-11-10T13:52:14+00:00,77.3,0.384,214.9,0.0012883333333333334
2025-11-10T13:53:07+00:00,77.3,0.384,214.9,0.0012883333333333334
2025-11-10T13:53:14+00:00,77.3,0.384,214.9,0.0012883333333333334
2025-11-10T13:54:08+00:00,77.3,0.384,214.9,0.0012883333333333334
2025-11-10T13:54:14+00:00,77.3,0.384,214.9,0.0012883333333333334
2025-11-10T13:55:07+00:00,77.3,0.384,214.9,0.0012883333333333334
2025-11-10T13:55:14+00:00,77.3,0.384,214.9,0.0012883333333333334
2025-11-10T13:56:07+00:00,77.3,0.384,214.9,0.0012883333333333334
2025-11-10T13:56:14+00:00,77.3,0.384,214.9,0.0012883333333333334
2025-11-10T13:57:07+00:00,77.3,0.384,214.9,0.0012883333333333334
2025-11-10T13:57:14+00:00,77.3,0.384,214.9,0.0012883333333333334
2025-11-10T13:58:07+00:00,77.3,0.384,214.9,0.0012883333333333334
2025-11-10T13:58:14+00:00,77.3,0.384,214.9,0.0012883333333333334
2025-11-10T13:59:07+00:00,77.3,0.384,214.9,0.0012883333333333334
2025-11-10T13:59:14+00:00,77.3,0.384,214.9,0.0012883333333333334
2025-11-10T14:00:08+00:00,77.3,0.384,214.9,0.0012883333333333334
2025-11-10T14:00:14+00:00,77.3,0.384,214.9,0.0012883333333333334
2025-11-10T14:01:07+00:00,77.3,0.384,214.9,0.0012883333333333334
2025-11-10T14:01:15+00:00,77.3,0.384,214.9,0.0012883333333333334
2025-11-10T14:02:08+00:00,77.3,0.384,214.9,0.0012883333333333334
2025-11-10T14:02:15+00:00,77.3,0.384,214.9,0.0012883333333333334
2025-11-10T14:03:08+00:00,77.3,0.384,214.9,0.0012883333333333334
2025-11-10T14:03:14+00:00,77.3,0.384,214.9,0.0012883333333333334
2025-11-10T14:04:08+00:00,77.3,0.384,214.9,0.0012883333333333334
2025-11-10T14:04:14+00:00,77.3,0.384,214.9,0.0012883333333333334
2025-11-10T14:05:07+00:00,77.3,0.384,214.9,0.0012883333333333334
2025-11-10T14:05:14+00:00,77.3,0.384,214.9,0.0012883333333333334
2025-11-10T14:06:08+00:00,0.0,0.0,213.7,0.0
2025-11-10T14:06:14+00:00,0.0,0.0,213.7,0.0
2025-11-10T14:07:08+00:00,0.0,0.0,213.7,0.0
2025-11-10T14:07:14+00:00,0.0,0.0,213.7,0.0
2025-11-10T14:08:07+00:00,0.0,0.0,213.7,0.0
2025-11-10T14:08:14+00:00,0.0,0.0,213.7,0.0
2025-11-10T14:09:07+00:00,0.0,0.0,213.7,0.0
2025-11-10T14:09:15+00:00,0.0,0.0,213.7,0.0
2025-11-10T14:10:08+00:00,0.0,0.0,213.7,0.0
2025-11-10T14:10:14+00:00,0.0,0.0,213.7,0.0
2025-11-10T14:11:08+00:00,0.0,0.0,213.7,0.0
2025-11-10T14:11:14+00:00,0.0,0.0,213.7,0.0
2025-11-10T14:12:07+00:00,0.0,0.0,213.7,0.0
2025-11-10T14:12:14+00:00,0.0,0.0,213.7,0.0
2025-11-10T14:13:07+00:00,0.0,0.0,213.7,0.0
2025-11-10T14:13:14+00:00,0.0,0.0,213.7,0.0
2025-11-10T14:14:07+00:00,0.0,0.0,213.7,0.0
2025-11-10T14:14:14+00:00,0.0,0.0,213.7,0.0
2025-11-10T14:15:07+00:00,0.0,0.0,213.7,0.0
2025-11-10T14:15:14+00:00,0.0,0.0,213.7,0.0
2025-11-10T14:16:07+00:00,0.0,0.0,213.7,0.0
2025-11-10T14:16:14+00:00,0.0,0.0,213.7,0.0
2025-11-10T14:17:08+00:00,0.0,0.0,213.7,0.0
2025-11-10T14:17:14+00:00,0.0,0.0,213.7,0.0
2025-11-10T14:18:07+00:00,0.0,0.0,213.7,0.0
2025-11-10T14:18:14+00:00,0.0,0.0,213.7,0.0
2025-11-10T14:19:07+00:00,0.0,0.0,213.7,0.0
2025-11-10T14:19:14+00:00,0.0,0.0,213.7,0.0
2025-11-10T14:40:12+00:00,0.0,0.0,213.7,0.0
2025-11-10T14:40:16+00:00,0.0,0.0,213.7,0.0
2025-11-10T14:41:14+00:00,0.0,0.0,213.7,0.0
2025-11-10T14:41:16+00:00,0.0,0.0,213.7,0.0
2025-11-10T14:42:12+00:00,86.5,0.427,211.5,0.0014416666666666666
2025-11-10T14:42:16+00:00,86.5,0.427,211.5,0.0014416666666666666
2025-11-10T14:43:13+00:00,86.5,0.427,211.5,0.0014416666666666666
2025-11-10T14:43:16+00:00,86.5,0.427,211.5,0.0014416666666666666
2025-11-10T14:44:12+00:00,86.5,0.427,211.5,0.0014416666666666666
2025-11-10T14:44:16+00:00,86.5,0.427,211.5,0.0014416666666666666
2025-11-10T14:45:12+00:00,86.5,0.427,211.5,0.0014416666666666666
2025-11-10T14:45:16+00:00,86.5,0.427,211.5,0.0014416666666666666
2025-11-10T14:46:12+00:00,86.5,0.427,211.5,0.0014416666666666666
2025-11-10T14:46:16+00:00,86.5,0.427,211.5,0.0014416666666666666
2025-11-10T14:47:12+00:00,86.5,0.427,211.5,0.0014416666666666666
2025-11-10T14:47:16+00:00,86.5,0.427,211.5,0.0014416666666666666
2025-11-10T14:48:13+00:00,86.5,0.427,211.5,0.0014416666666666666
2025-11-10T14:48:16+00:00,86.5,0.427,211.5,0.0014416666666666666
2025-11-10T14:49:12+00:00,86.5,0.427,211.5,0.0014416666666666666
2025-11-10T14:49:16+00:00,86.5,0.427,211.5,0.0014416666666666666
2025-11-10T14:50:12+00:00,86.5,0.427,211.5,0.0014416666666666666
2025-11-10T14:50:16+00:00,86.5,0.427,211.5,0.0014416666666666666
2025-11-10T14:51:12+00:00,86.5,0.427,211.5,0.0014416666666666666
2025-11-10T14:51:16+00:00,86.5,0.427,211.5,0.0014416666666666666
2025-11-10T14:52:13+00:00,86.5,0.427,211.5,0.0014416666666666666
2025-11-10T14:52:16+00:00,86.5,0.427,211.5,0.0014416666666666666
2025-11-10T14:53:12+00:00,86.5,0.427,211.5,0.0014416666666666666
2025-11-10T14:53:16+00:00,86.5,0.427,211.5,0.0014416666666666666
2025-11-10T14:54:12+00:00,86.5,0.427,211.5,0.0014416666666666666
2025-11-10T14:54:16+00:00,86.5,0.427,211.5,0.0014416666666666666
2025-11-10T14:55:13+00:00,86.5,0.427,211.5,0.0014416666666666666
2025-11-10T14:55:16+00:00,86.5,0.427,211.5,0.0014416666666666666
2025-11-10T14:56:13+00:00,86.5,0.427,211.5,0.0014416666666666666
2025-11-10T14:56:16+00:00,86.5,0.427,211.5,0.0014416666666666666
2025-11-10T14:57:13+00:00,86.5,0.427,211.5,0.0014416666666666666
2025-11-10T14:57:17+00:00,86.5,0.427,211.5,0.0014416666666666666
2025-11-10T14:58:12+00:00,86.5,0.427,211.5,0.0014416666666666666
2025-11-10T14:58:16+00:00,86.5,0.427,211.5,0.0014416666666666666
2025-11-10T14:59:12+00:00,86.5,0.427,211.5,0.0014416666666666666
2025-11-10T14:59:16+00:00,86.5,0.427,211.5,0.0014416666666666666
2025-11-10T15:00:12+00:00,86.5,0.427,211.5,0.0014416666666666666
2025-11-10T15:00:16+00:00,86.5,0.427,211.5,0.0014416666666666666
2025-11-10T15:01:12+00:00,86.5,0.427,211.5,0.0014416666666666666
2025-11-10T15:01:16+00:00,86.5,0.427,211.5,0.0014416666666666666
2025-11-10T15:02:12+00:00,86.5,0.427,211.5,0.0014416666666666666
2025-11-10T15:02:16+00:00,86.5,0.427,211.5,0.0014416666666666666
2025-11-10T15:03:12+00:00,86.5,0.427,211.5,0.0014416666666666666
2025-11-10T15:03:16+00:00,86.5,0.427,211.5,0.0014416666666666666
2025-11-10T15:04:13+00:00,0.0,0.0,209.0,0.0
2025-11-10T15:04:16+00:00,0.0,0.0,209.0,0.0
2025-11-10T15:05:13+00:00,0.0,0.0,209.0,0.0
2025-11-10T15:05:16+00:00,0.0,0.0,209.0,0.0
2025-11-10T15:06:12+00:00,0.0,0.0,209.0,0.0
2025-11-10T15:06:16+00:00,0.0,0.0,209.0,0.0
2025-11-10T15:07:12+00:00,0.0,0.0,209.0,0.0
2025-11-10T15:07:16+00:00,0.0,0.0,209.0,0.0
2025-11-10T15:08:13+00:00,0.0,0.0,209.0,0.0
2025-11-10T15:08:16+00:00,0.0,0.0,209.0,0.0
2025-11-10T15:09:12+00:00,0.0,0.0,209.7,0.0
2025-11-10T15:09:16+00:00,0.0,0.0,209.7,0.0
2025-11-10T15:10:12+00:00,0.0,0.0,209.7,0.0
2025-11-10T15:10:16+00:00,0.0,0.0,209.7,0.0
2025-11-10T15:11:13+00:00,0.0,0.0,209.7,0.0
2025-11-10T15:11:16+00:00,0.0,0.0,209.7,0.0
2025-11-10T15:12:12+00:00,0.0,0.0,209.7,0.0
2025-11-10T15:12:16+00:00,0.0,0.0,209.7,0.0
2025-11-10T15:13:12+00:00,0.0,0.0,209.7,0.0
2025-11-10T15:13:16+00:00,0.0,0.0,209.7,0.0
2025-11-10T15:14:12+00:00,0.0,0.0,209.7,0.0
2025-11-10T15:14:16+00:00,0.0,0.0,209.7,0.0
2025-11-10T15:15:12+00:00,0.0,0.0,209.7,0.0
2025-11-10T15:15:16+00:00,0.0,0.0,209.7,0.0
2025-11-10T15:16:12+00:00,0.0,0.0,209.7,0.0
2025-11-10T15:16:16+00:00,0.0,0.0,209.7,0.0
2025-11-10T15:17:13+00:00,0.0,0.0,209.7,0.0
2025-11-10T15:17:16+00:00,0.0,0.0,209.7,0.0
2025-11-10T15:18:13+00:00,0.0,0.0,209.7,0.0
2025-11-10T15:18:16+00:00,0.0,0.0,209.7,0.0
2025-11-10T15:19:12+00:00,0.0,0.0,209.7,0.0
2025-11-10T15:19:16+00:00,0.0,0.0,209.7,0.0
2025-11-10T15:20:12+00:00,0.0,0.0,209.7,0.0
2025-11-10T15:20:16+00:00,0.0,0.0,209.7,0.0
2025-11-10T15:21:12+00:00,0.0,0.0,209.7,0.0
2025-11-10T15:21:16+00:00,0.0,0.0,209.7,0.0
2025-11-10T15:22:12+00:00,84.4,0.42,211.5,0.0014066666666666667
2025-11-10T15:22:16+00:00,84.4,0.42,211.5,0.0014066666666666667
2025-11-10T15:23:13+00:00,84.4,0.42,211.5,0.0014066666666666667
2025-11-10T15:23:16+00:00,84.4,0.42,211.5,0.0014066666666666667
2025-11-10T15:24:13+00:00,84.4,0.42,211.5,0.0014066666666666667
2025-11-10T15:24:16+00:00,84.4,0.42,211.5,0.0014066666666666667
2025-11-10T15:25:12+00:00,105.9,0.507,211.5,0.001765
2025-11-10T15:25:16+00:00,105.9,0.507,211.5,0.001765
2025-11-10T15:26:12+00:00,105.9,0.507,211.5,0.001765
2025-11-10T15:26:16+00:00,105.9,0.507,211.5,0.001765
2025-11-10T15:27:12+00:00,105.9,0.507,211.5,0.001765
2025-11-10T15:27:16+00:00,105.9,0.507,211.5,0.001765
2025-11-10T15:28:13+00:00,105.9,0.507,211.5,0.001765
2025-11-10T15:28:16+00:00,105.9,0.507,211.5,0.001765
2025-11-10T15:29:12+00:00,105.9,0.507,211.5,0.001765
2025-11-10T15:29:16+00:00,105.9,0.507,211.5,0.001765
2025-11-10T15:30:12+00:00,105.9,0.507,211.5,0.001765
2025-11-10T15:30:16+00:00,105.9,0.507,211.5,0.001765
2025-11-10T15:31:12+00:00,105.9,0.507,211.5,0.001765
2025-11-10T15:31:16+00:00,105.9,0.507,211.5,0.001765
2025-11-10T15:32:12+00:00,105.9,0.507,211.5,0.001765
2025-11-10T15:32:16+00:00,105.9,0.507,211.5,0.001765
2025-11-10T15:33:12+00:00,105.9,0.507,211.5,0.001765
2025-11-10T15:33:16+00:00,105.9,0.507,211.5,0.001765
2025-11-10T15:34:13+00:00,105.9,0.507,211.5,0.001765
2025-11-10T15:34:16+00:00,105.9,0.507,211.5,0.001765
2025-11-10T15:35:12+00:00,105.9,0.507,211.5,0.001765
2025-11-10T15:35:16+00:00,105.9,0.507,211.5,0.001765
2025-11-10T15:36:13+00:00,105.9,0.507,211.5,0.001765
2025-11-10T15:36:16+00:00,105.9,0.507,211.5,0.001765
2025-11-10T15:37:13+00:00,105.9,0.507,211.5,0.001765
2025-11-10T15:37:16+00:00,105.9,0.507,211.5,0.001765
2025-11-10T15:38:13+00:00,105.9,0.507,211.5,0.001765
2025-11-10T15:38:16+00:00,105.9,0.507,211.5,0.001765
2025-11-10T15:39:12+00:00,105.9,0.507,211.5,0.001765
2025-11-10T15:39:16+00:00,105.9,0.507,211.5,0.001765
2025-11-10T15:40:12+00:00,105.9,0.507,211.5,0.001765
2025-11-10T15:40:16+00:00,105.9,0.507,211.5,0.001765
2025-11-10T15:41:12+00:00,105.9,0.507,211.5,0.001765
2025-11-10T15:41:16+00:00,105.9,0.507,211.5,0.001765
2025-11-10T15:42:12+00:00,105.9,0.507,211.5,0.001765
2025-11-10T15:42:16+00:00,105.9,0.507,211.5,0.001765
2025-11-10T15:43:13+00:00,105.9,0.507,211.5,0.001765
2025-11-10T15:43:16+00:00,105.9,0.507,211.5,0.001765
2025-11-10T15:44:13+00:00,105.9,0.507,211.5,0.001765
2025-11-10T15:44:16+00:00,105.9,0.507,211.5,0.001765
2025-11-10T15:45:12+00:00,105.9,0.507,211.5,0.001765
2025-11-10T15:45:16+00:00,105.9,0.507,211.5,0.001765
2025-11-10T15:46:12+00:00,105.9,0.507,211.5,0.001765
2025-11-10T15:46:16+00:00,105.9,0.507,211.5,0.001765
2025-11-10T15:47:12+00:00,105.9,0.507,211.5,0.001765
2025-11-10T15:47:16+00:00,105.9,0.507,211.5,0.001765
2025-11-10T15:48:12+00:00,105.9,0.507,211.5,0.001765
2025-11-10T15:48:16+00:00,105.9,0.507,211.5,0.001765
2025-11-10T15:49:12+00:00,105.9,0.507,211.5,0.001765
2025-11-10T15:49:16+00:00,105.9,0.507,211.5,0.001765
2025-11-10T15:50:12+00:00,105.9,0.507,211.5,0.001765
2025-11-10T15:50:16+00:00,105.9,0.507,211.5,0.001765
2025-11-10T15:51:14+00:00,105.9,0.507,211.5,0.001765
2025-11-10T15:51:17+00:00,105.9,0.507,211.5,0.001765
2025-11-10T15:52:12+00:00,105.9,0.507,211.5,0.001765
2025-11-10T15:52:16+00:00,105.9,0.507,211.5,0.001765
2025-11-10T15:53:13+00:00,105.9,0.507,211.5,0.001765
2025-11-10T17:34:23+00:00,0.0,0.0,207.2,0.0
2025-11-10T17:35:13+00:00,0.0,0.0,207.2,0.0
2025-11-10T17:35:16+00:00,0.0,0.0,207.2,0.0
2025-11-10T17:36:13+00:00,0.0,0.0,204.7,0.0
2025-11-10T17:36:16+00:00,0.0,0.0,204.7,0.0
2025-11-10T17:37:12+00:00,6.6,0.07,205.1,0.00010999999999999999
2025-11-10T17:37:16+00:00,6.6,0.07,205.1,0.00010999999999999999
2025-11-10T17:38:12+00:00,0.0,0.0,204.0,0.0
2025-11-10T17:38:16+00:00,0.0,0.0,204.0,0.0
2025-11-10T17:39:12+00:00,6.6,0.068,204.0,0.00010999999999999999
2025-11-10T17:39:16+00:00,6.6,0.068,204.0,0.00010999999999999999
2025-11-10T17:40:12+00:00,6.6,0.068,204.0,0.00010999999999999999
2025-11-10T17:40:16+00:00,6.6,0.068,204.0,0.00010999999999999999
2025-11-10T17:41:12+00:00,6.6,0.068,204.0,0.00010999999999999999
2025-11-10T17:41:16+00:00,6.6,0.068,204.0,0.00010999999999999999
2025-11-10T17:42:12+00:00,6.6,0.068,204.0,0.00010999999999999999
2025-11-10T17:42:16+00:00,6.6,0.068,204.0,0.00010999999999999999
2025-11-10T17:43:13+00:00,6.6,0.068,204.0,0.00010999999999999999
2025-11-10T17:43:16+00:00,6.6,0.068,204.0,0.00010999999999999999
2025-11-10T17:44:14+00:00,6.6,0.068,204.0,0.00010999999999999999
2025-11-10T17:44:17+00:00,6.6,0.068,204.0,0.00010999999999999999
2025-11-10T17:45:13+00:00,6.6,0.068,204.0,0.00010999999999999999
2025-11-10T17:45:17+00:00,6.6,0.068,204.0,0.00010999999999999999
2025-11-10T17:46:13+00:00,6.6,0.068,204.0,0.00010999999999999999
2025-11-10T17:46:16+00:00,6.6,0.068,204.0,0.00010999999999999999
2025-11-10T17:47:12+00:00,6.6,0.068,204.0,0.00010999999999999999
2025-11-10T17:47:16+00:00,6.6,0.068,204.0,0.00010999999999999999
2025-11-10T17:48:14+00:00,6.6,0.068,204.0,0.00010999999999999999
2025-11-10T17:48:17+00:00,6.6,0.068,204.0,0.00010999999999999999
2025-11-10T17:49:12+00:00,6.6,0.068,204.0,0.00010999999999999999
2025-11-10T17:49:16+00:00,6.6,0.068,204.0,0.00010999999999999999
2025-11-10T17:50:12+00:00,0.0,0.0,207.9,0.0
2025-11-10T17:50:16+00:00,0.0,0.0,207.9,0.0
2025-11-10T17:51:14+00:00,0.0,0.0,207.9,0.0
2025-11-10T17:51:18+00:00,0.0,0.0,207.9,0.0
2025-11-10T17:52:12+00:00,0.0,0.0,207.9,0.0
2025-11-10T17:52:16+00:00,0.0,0.0,207.9,0.0
2025-11-10T17:53:12+00:00,0.0,0.0,207.9,0.0
2025-11-10T17:53:16+00:00,0.0,0.0,207.9,0.0
2025-11-10T17:54:12+00:00,0.0,0.0,207.9,0.0
2025-11-10T17:54:16+00:00,0.0,0.0,207.9,0.0
2025-11-10T17:55:12+00:00,0.0,0.0,207.9,0.0
2025-11-10T17:55:16+00:00,0.0,0.0,207.9,0.0
2025-11-10T17:56:12+00:00,5.7,0.066,207.9,9.5e-05
2025-11-10T17:56:16+00:00,5.7,0.066,207.9,9.5e-05
2025-11-10T17:57:13+00:00,5.7,0.066,207.9,9.5e-05
2025-11-10T17:57:17+00:00,5.7,0.066,207.9,9.5e-05
2025-11-10T17:58:13+00:00,5.7,0.066,207.9,9.5e-05
2025-11-10T17:58:16+00:00,5.7,0.066,207.9,9.5e-05
2025-11-10T17:59:13+00:00,5.7,0.066,207.9,9.5e-05
2025-11-10T17:59:16+00:00,5.7,0.066,207.9,9.5e-05
2025-11-10T18:00:13+00:00,5.7,0.066,207.9,9.5e-05
2025-11-10T18:00:16+00:00,5.7,0.066,207.9,9.5e-05
2025-11-10T18:01:13+00:00,5.7,0.066,207.9,9.5e-05
2025-11-10T18:01:16+00:00,5.7,0.066,207.9,9.5e-05
2025-11-10T18:02:13+00:00,5.7,0.066,207.9,9.5e-05
2025-11-10T18:02:16+00:00,5.7,0.066,207.9,9.5e-05
2025-11-10T18:03:13+00:00,5.7,0.066,207.9,9.5e-05
2025-11-10T18:03:16+00:00,5.7,0.066,207.9,9.5e-05
2025-11-10T18:04:14+00:00,5.7,0.066,207.9,9.5e-05
2025-11-10T18:04:18+00:00,5.7,0.066,207.9,9.5e-05
2025-11-10T18:05:13+00:00,0.0,0.0,207.5,0.0
2025-11-10T18:05:16+00:00,0.0,0.0,207.5,0.0
2025-11-10T18:06:12+00:00,0.0,0.0,207.5,0.0
2025-11-10T18:06:16+00:00,0.0,0.0,207.5,0.0
2025-11-10T18:07:13+00:00,6.3,0.066,207.2,0.00010499999999999999
2025-11-10T18:07:17+00:00,6.3,0.066,207.2,0.00010499999999999999
2025-11-10T18:08:13+00:00,6.3,0.066,207.2,0.00010499999999999999
2025-11-10T18:08:16+00:00,6.3,0.066,207.2,0.00010499999999999999
2025-11-10T18:09:12+00:00,6.3,0.066,207.2,0.00010499999999999999
2025-11-10T18:09:16+00:00,6.3,0.066,207.2,0.00010499999999999999
2025-11-10T18:10:12+00:00,6.3,0.066,207.2,0.00010499999999999999
2025-11-10T18:10:16+00:00,6.3,0.066,207.2,0.00010499999999999999
2025-11-10T18:11:12+00:00,6.3,0.066,207.2,0.00010499999999999999
2025-11-10T18:11:16+00:00,6.3,0.066,207.2,0.00010499999999999999
2025-11-10T18:12:13+00:00,6.3,0.066,207.2,0.00010499999999999999
2025-11-10T18:12:16+00:00,6.3,0.066,207.2,0.00010499999999999999
2025-11-10T18:13:13+00:00,6.3,0.066,207.2,0.00010499999999999999
2025-11-10T18:13:16+00:00,6.3,0.066,207.2,0.00010499999999999999
2025-11-10T18:14:12+00:00,6.3,0.066,207.2,0.00010499999999999999
2025-11-10T18:14:16+00:00,6.3,0.066,207.2,0.00010499999999999999
2025-11-10T18:15:13+00:00,6.3,0.066,207.2,0.00010499999999999999
2025-11-10T18:15:16+00:00,6.3,0.066,207.2,0.00010499999999999999
2025-11-16T03:13:15+00:00,0.0,0.0,0.0,0.0
2025-11-16T03:13:18+00:00,0.0,0.0,0.0,0.0
2025-11-16T03:14:15+00:00,0.0,0.0,0.0,0.0
2025-11-16T03:14:18+00:00,0.0,0.0,0.0,0.0
2025-11-16T03:15:15+00:00,0.0,0.0,0.0,0.0
2025-11-16T03:15:18+00:00,0.0,0.0,0.0,0.0
2025-11-16T03:16:15+00:00,0.0,0.0,0.0,0.0
2025-11-16T03:16:18+00:00,0.0,0.0,0.0,0.0
2025-11-16T03:17:17+00:00,0.0,0.0,0.0,0.0
2025-11-16T03:17:18+00:00,0.0,0.0,0.0,0.0
2025-11-16T03:18:15+00:00,0.0,0.0,0.0,0.0
2025-11-16T03:18:18+00:00,0.0,0.0,0.0,0.0
2025-11-16T03:19:15+00:00,0.0,0.0,0.0,0.0
2025-11-16T03:19:18+00:00,0.0,0.0,0.0,0.0
2025-11-16T03:20:15+00:00,0.0,0.0,0.0,0.0
2025-11-16T03:20:18+00:00,0.0,0.0,0.0,0.0
2025-11-16T03:21:15+00:00,0.0,0.0,0.0,0.0
2025-11-16T03:21:18+00:00,0.0,0.0,0.0,0.0
2025-11-16T03:22:16+00:00,0.0,0.0,0.0,0.0
2025-11-16T03:22:18+00:00,0.0,0.0,0.0,0.0
2025-11-16T03:23:15+00:00,0.0,0.0,0.0,0.0
2025-11-16T03:23:18+00:00,0.0,0.0,0.0,0.0
2025-11-16T03:24:15+00:00,0.0,0.0,0.0,0.0
2025-11-16T03:24:18+00:00,0.0,0.0,0.0,0.0
2025-11-16T03:25:15+00:00,0.0,0.0,0.0,0.0
2025-11-16T03:25:18+00:00,0.0,0.0,0.0,0.0
2025-11-16T03:26:15+00:00,0.0,0.0,0.0,0.0
2025-11-16T03:26:19+00:00,0.0,0.0,0.0,0.0
2025-11-16T03:27:15+00:00,0.0,0.0,0.0,0.0
2025-11-16T03:27:18+00:00,0.0,0.0,0.0,0.0
2025-11-16T03:28:15+00:00,0.0,0.0,0.0,0.0
2025-11-16T03:28:18+00:00,0.0,0.0,0.0,0.0
2025-11-16T03:29:15+00:00,0.0,0.0,0.0,0.0
2025-11-16T03:29:19+00:00,0.0,0.0,0.0,0.0
2025-11-16T03:30:15+00:00,0.0,0.0,0.0,0.0
2025-11-16T03:30:18+00:00,0.0,0.0,0.0,0.0
2025-11-16T03:31:15+00:00,0.0,0.0,0.0,0.0
2025-11-16T03:31:18+00:00,0.0,0.0,0.0,0.0
2025-11-16T03:32:15+00:00,0.0,0.0,0.0,0.0
2025-11-16T03:32:18+00:00,0.0,0.0,0.0,0.0
2025-11-16T03:33:15+00:00,0.0,0.0,0.0,0.0
2025-11-16T03:33:18+00:00,0.0,0.0,0.0,0.0
